model,season,reference_date,horizon,WIS
GRW_nodrift,2014-2015,2014-11-15,-1,0.36118094609255796
GRW_nodrift,2014-2015,2014-11-15,0,1.118958490707023
GRW_nodrift,2014-2015,2014-11-15,1,2.8926805083903235
GRW_nodrift,2014-2015,2014-11-15,2,12.544591021345918
GRW_nodrift,2014-2015,2014-11-15,3,25.094042128652074
GRW_nodrift,2014-2015,2014-11-22,-1,0.3978172584633444
GRW_nodrift,2014-2015,2014-11-22,0,3.6081222430559183
GRW_nodrift,2014-2015,2014-11-22,1,12.50859010531644
GRW_nodrift,2014-2015,2014-11-22,2,25.53696689450213
GRW_nodrift,2014-2015,2014-11-22,3,78.73172857568473
GRW_nodrift,2014-2015,2014-11-29,-1,0.21039042916687758
GRW_nodrift,2014-2015,2014-11-29,0,22.927691395234223
GRW_nodrift,2014-2015,2014-11-29,1,38.173782072051615
GRW_nodrift,2014-2015,2014-11-29,2,93.5818721395796
GRW_nodrift,2014-2015,2014-11-29,3,212.41606141728053
GRW_nodrift,2014-2015,2014-12-06,-1,0.9912562964183298
GRW_nodrift,2014-2015,2014-12-06,0,8.833728932874
GRW_nodrift,2014-2015,2014-12-06,1,51.700032741085195
GRW_nodrift,2014-2015,2014-12-06,2,163.16577200260184
GRW_nodrift,2014-2015,2014-12-06,3,472.6458536178796
GRW_nodrift,2014-2015,2014-12-13,-1,1.4808710603837927
GRW_nodrift,2014-2015,2014-12-13,0,36.77593101240414
GRW_nodrift,2014-2015,2014-12-13,1,141.82948538972406
GRW_nodrift,2014-2015,2014-12-13,2,446.74655480634993
GRW_nodrift,2014-2015,2014-12-13,3,525.7537913860772
GRW_nodrift,2014-2015,2014-12-20,-1,3.1856156527166632
GRW_nodrift,2014-2015,2014-12-20,0,78.1562665320347
GRW_nodrift,2014-2015,2014-12-20,1,363.7159472744795
GRW_nodrift,2014-2015,2014-12-20,2,427.55910666407925
GRW_nodrift,2014-2015,2014-12-20,3,183.49127126797148
GRW_nodrift,2014-2015,2014-12-27,-1,6.880637300534521
GRW_nodrift,2014-2015,2014-12-27,0,220.51192686787402
GRW_nodrift,2014-2015,2014-12-27,1,266.71754880452033
GRW_nodrift,2014-2015,2014-12-27,2,84.54040166290443
GRW_nodrift,2014-2015,2014-12-27,3,41.23438669964493
GRW_nodrift,2014-2015,2015-01-03,-1,16.527764030976357
GRW_nodrift,2014-2015,2015-01-03,0,58.90886154334061
GRW_nodrift,2014-2015,2015-01-03,1,95.76505674858467
GRW_nodrift,2014-2015,2015-01-03,2,186.18006111261855
GRW_nodrift,2014-2015,2015-01-03,3,205.1683251865285
GRW_nodrift,2014-2015,2015-01-10,-1,19.322006219557593
GRW_nodrift,2014-2015,2015-01-10,0,138.54181270406542
GRW_nodrift,2014-2015,2015-01-10,1,244.73611165422
GRW_nodrift,2014-2015,2015-01-10,2,257.76927745992987
GRW_nodrift,2014-2015,2015-01-10,3,329.6620189235544
GRW_nodrift,2014-2015,2015-01-17,-1,12.257321114812974
GRW_nodrift,2014-2015,2015-01-17,0,89.33316344380582
GRW_nodrift,2014-2015,2015-01-17,1,104.59915254373921
GRW_nodrift,2014-2015,2015-01-17,2,163.03815252623988
GRW_nodrift,2014-2015,2015-01-17,3,152.26231645157452
GRW_nodrift,2014-2015,2015-01-24,-1,7.254866004639348
GRW_nodrift,2014-2015,2015-01-24,0,24.84586593181231
GRW_nodrift,2014-2015,2015-01-24,1,65.15546838229756
GRW_nodrift,2014-2015,2015-01-24,2,59.59339606739031
GRW_nodrift,2014-2015,2015-01-24,3,62.364021681005504
GRW_nodrift,2014-2015,2015-01-31,-1,6.48169867260914
GRW_nodrift,2014-2015,2015-01-31,0,46.54372501950903
GRW_nodrift,2014-2015,2015-01-31,1,40.93076457819588
GRW_nodrift,2014-2015,2015-01-31,2,44.583124376657175
GRW_nodrift,2014-2015,2015-01-31,3,63.468017178159876
GRW_nodrift,2014-2015,2015-02-07,-1,4.011926949540012
GRW_nodrift,2014-2015,2015-02-07,0,12.79127362673309
GRW_nodrift,2014-2015,2015-02-07,1,17.18722081320456
GRW_nodrift,2014-2015,2015-02-07,2,20.71054772905404
GRW_nodrift,2014-2015,2015-02-07,3,24.532340965447208
GRW_nodrift,2014-2015,2015-02-14,-1,4.345120134168398
GRW_nodrift,2014-2015,2015-02-14,0,12.941060741422397
GRW_nodrift,2014-2015,2015-02-14,1,22.21052589934482
GRW_nodrift,2014-2015,2015-02-14,2,27.16609489614593
GRW_nodrift,2014-2015,2015-02-14,3,41.76209380132032
GRW_nodrift,2014-2015,2015-02-21,-1,4.513327390559349
GRW_nodrift,2014-2015,2015-02-21,0,20.186447546169244
GRW_nodrift,2014-2015,2015-02-21,1,24.51703379911194
GRW_nodrift,2014-2015,2015-02-21,2,40.9748774479544
GRW_nodrift,2014-2015,2015-02-21,3,46.60861031931953
GRW_nodrift,2014-2015,2015-02-28,-1,3.403380289288794
GRW_nodrift,2014-2015,2015-02-28,0,9.99111411315466
GRW_nodrift,2014-2015,2015-02-28,1,20.91792378390388
GRW_nodrift,2014-2015,2015-02-28,2,26.513538855356625
GRW_nodrift,2014-2015,2015-02-28,3,38.9193716644447
GRW_nodrift,2014-2015,2015-03-07,-1,3.3124356493869334
GRW_nodrift,2014-2015,2015-03-07,0,17.07618751899852
GRW_nodrift,2014-2015,2015-03-07,1,22.566731224771836
GRW_nodrift,2014-2015,2015-03-07,2,35.40185734956718
GRW_nodrift,2014-2015,2015-03-07,3,43.76984773431066
GRW_nodrift,2014-2015,2015-03-14,-1,2.420097416938946
GRW_nodrift,2014-2015,2015-03-14,0,7.648182256067568
GRW_nodrift,2014-2015,2015-03-14,1,17.479473360863025
GRW_nodrift,2014-2015,2015-03-14,2,25.102368159495143
GRW_nodrift,2014-2015,2015-03-14,3,32.62118401471051
GRW_nodrift,2014-2015,2015-03-21,-1,2.1631867360957613
GRW_nodrift,2014-2015,2015-03-21,0,12.004305033972813
GRW_nodrift,2014-2015,2015-03-21,1,19.43151125175897
GRW_nodrift,2014-2015,2015-03-21,2,26.41138176383582
GRW_nodrift,2014-2015,2015-03-21,3,18.781427893952646
GRW_nodrift,2014-2015,2015-03-28,-1,1.5376153881956252
GRW_nodrift,2014-2015,2015-03-28,0,7.084315655248191
GRW_nodrift,2014-2015,2015-03-28,1,13.01236817475999
GRW_nodrift,2014-2015,2015-03-28,2,8.3679670077455
GRW_nodrift,2014-2015,2015-03-28,3,19.50737487270244
GRW_nodrift,2014-2015,2015-04-04,-1,1.1865946636871783
GRW_nodrift,2014-2015,2015-04-04,0,5.870268289180221
GRW_nodrift,2014-2015,2015-04-04,1,5.222114876772823
GRW_nodrift,2014-2015,2015-04-04,2,11.586835519784353
GRW_nodrift,2014-2015,2015-04-04,3,15.665961591123942
GRW_nodrift,2014-2015,2015-04-11,-1,0.8785746212539156
GRW_nodrift,2014-2015,2015-04-11,0,7.93360749998753
GRW_nodrift,2014-2015,2015-04-11,1,5.460090008386057
GRW_nodrift,2014-2015,2015-04-11,2,8.948308657753667
GRW_nodrift,2014-2015,2015-04-11,3,8.585815058403062
GRW_nodrift,2015-2016,2015-11-21,-1,0.5072679319647974
GRW_nodrift,2015-2016,2015-11-21,0,4.159038349310999
GRW_nodrift,2015-2016,2015-11-21,1,2.0619534477863914
GRW_nodrift,2015-2016,2015-11-21,2,3.0809097347411063
GRW_nodrift,2015-2016,2015-11-21,3,3.239767496306761
GRW_nodrift,2015-2016,2015-11-28,-1,0.3007596443327115
GRW_nodrift,2015-2016,2015-11-28,0,3.250121069342459
GRW_nodrift,2015-2016,2015-11-28,1,1.7382206993531626
GRW_nodrift,2015-2016,2015-11-28,2,2.2455357332426997
GRW_nodrift,2015-2016,2015-11-28,3,2.4228492176568417
GRW_nodrift,2015-2016,2015-12-05,-1,0.48058746003224784
GRW_nodrift,2015-2016,2015-12-05,0,1.8512999322396948
GRW_nodrift,2015-2016,2015-12-05,1,2.070288677854659
GRW_nodrift,2015-2016,2015-12-05,2,2.472891727939164
GRW_nodrift,2015-2016,2015-12-05,3,3.0510816751691863
GRW_nodrift,2015-2016,2015-12-12,-1,0.3895953765047185
GRW_nodrift,2015-2016,2015-12-12,0,1.1969772123875952
GRW_nodrift,2015-2016,2015-12-12,1,1.6459178475272764
GRW_nodrift,2015-2016,2015-12-12,2,3.182527645454895
GRW_nodrift,2015-2016,2015-12-12,3,9.004956200205287
GRW_nodrift,2015-2016,2015-12-19,-1,0.4259114562879345
GRW_nodrift,2015-2016,2015-12-19,0,1.19290376105342
GRW_nodrift,2015-2016,2015-12-19,1,2.75138381488944
GRW_nodrift,2015-2016,2015-12-19,2,8.61051679966751
GRW_nodrift,2015-2016,2015-12-19,3,3.8373591246788425
GRW_nodrift,2015-2016,2015-12-26,-1,0.4168935597991341
GRW_nodrift,2015-2016,2015-12-26,0,2.5988463239522024
GRW_nodrift,2015-2016,2015-12-26,1,9.228281820644852
GRW_nodrift,2015-2016,2015-12-26,2,3.6937875175855623
GRW_nodrift,2015-2016,2015-12-26,3,2.5781402383630683
GRW_nodrift,2015-2016,2016-01-02,-1,0.5686213467279086
GRW_nodrift,2015-2016,2016-01-02,0,5.966225393544954
GRW_nodrift,2015-2016,2016-01-02,1,2.4870811732729727
GRW_nodrift,2015-2016,2016-01-02,2,4.380328700573165
GRW_nodrift,2015-2016,2016-01-02,3,3.994237082063399
GRW_nodrift,2015-2016,2016-01-09,-1,0.8929342168749305
GRW_nodrift,2015-2016,2016-01-09,0,5.238055425200809
GRW_nodrift,2015-2016,2016-01-09,1,11.43751777510445
GRW_nodrift,2015-2016,2016-01-09,2,9.974769935327314
GRW_nodrift,2015-2016,2016-01-09,3,5.47411975735859
GRW_nodrift,2015-2016,2016-01-16,-1,0.6328732012666014
GRW_nodrift,2015-2016,2016-01-16,0,5.3239160681079385
GRW_nodrift,2015-2016,2016-01-16,1,4.24649936163908
GRW_nodrift,2015-2016,2016-01-16,2,4.6047294138188395
GRW_nodrift,2015-2016,2016-01-16,3,8.517690354572808
GRW_nodrift,2015-2016,2016-01-23,-1,0.36254689101733206
GRW_nodrift,2015-2016,2016-01-23,0,1.3143951353919523
GRW_nodrift,2015-2016,2016-01-23,1,10.292668459959232
GRW_nodrift,2015-2016,2016-01-23,2,16.371099225706832
GRW_nodrift,2015-2016,2016-01-23,3,13.234022630902974
GRW_nodrift,2015-2016,2016-01-30,-1,0.42620890473586726
GRW_nodrift,2015-2016,2016-01-30,0,9.526247441650174
GRW_nodrift,2015-2016,2016-01-30,1,15.494826764162692
GRW_nodrift,2015-2016,2016-01-30,2,12.126580710482187
GRW_nodrift,2015-2016,2016-01-30,3,47.15851334857587
GRW_nodrift,2015-2016,2016-02-06,-1,0.8826924718823397
GRW_nodrift,2015-2016,2016-02-06,0,4.679133788624895
GRW_nodrift,2015-2016,2016-02-06,1,4.22769991950744
GRW_nodrift,2015-2016,2016-02-06,2,29.067891830618425
GRW_nodrift,2015-2016,2016-02-06,3,83.27866999844352
GRW_nodrift,2015-2016,2016-02-13,-1,1.1406570364575195
GRW_nodrift,2015-2016,2016-02-13,0,3.508639049912295
GRW_nodrift,2015-2016,2016-02-13,1,22.782514815578203
GRW_nodrift,2015-2016,2016-02-13,2,74.43898239845244
GRW_nodrift,2015-2016,2016-02-13,3,134.34140855758142
GRW_nodrift,2015-2016,2016-02-20,-1,1.0632643919634004
GRW_nodrift,2015-2016,2016-02-20,0,28.67455119011572
GRW_nodrift,2015-2016,2016-02-20,1,86.58517976663109
GRW_nodrift,2015-2016,2016-02-20,2,149.43627073604216
GRW_nodrift,2015-2016,2016-02-20,3,396.13694369009295
GRW_nodrift,2015-2016,2016-02-27,-1,2.3165444092559078
GRW_nodrift,2015-2016,2016-02-27,0,40.766993854361324
GRW_nodrift,2015-2016,2016-02-27,1,91.93507711945625
GRW_nodrift,2015-2016,2016-02-27,2,322.44719920656655
GRW_nodrift,2015-2016,2016-02-27,3,165.13918174622003
GRW_nodrift,2015-2016,2016-03-05,-1,4.3367262352922875
GRW_nodrift,2015-2016,2016-03-05,0,37.88454973778969
GRW_nodrift,2015-2016,2016-03-05,1,231.19984819039027
GRW_nodrift,2015-2016,2016-03-05,2,98.99338301929838
GRW_nodrift,2015-2016,2016-03-05,3,52.90034485505828
GRW_nodrift,2015-2016,2016-03-12,-1,6.561425619049806
GRW_nodrift,2015-2016,2016-03-12,0,168.99032397595647
GRW_nodrift,2015-2016,2016-03-12,1,55.81207939554444
GRW_nodrift,2015-2016,2016-03-12,2,34.923704406779606
GRW_nodrift,2015-2016,2016-03-12,3,38.07255666719296
GRW_nodrift,2015-2016,2016-03-19,-1,14.250667963710166
GRW_nodrift,2015-2016,2016-03-19,0,85.75137708479335
GRW_nodrift,2015-2016,2016-03-19,1,135.36178831720153
GRW_nodrift,2015-2016,2016-03-19,2,156.0866356419215
GRW_nodrift,2015-2016,2016-03-19,3,209.52354040303553
GRW_nodrift,2015-2016,2016-03-26,-1,9.824490131347362
GRW_nodrift,2015-2016,2016-03-26,0,45.51800657607685
GRW_nodrift,2015-2016,2016-03-26,1,65.32351587476963
GRW_nodrift,2015-2016,2016-03-26,2,110.44016909871672
GRW_nodrift,2015-2016,2016-03-26,3,122.74601624055468
GRW_nodrift,2015-2016,2016-04-02,-1,7.604617658294684
GRW_nodrift,2015-2016,2016-04-02,0,25.351810285989036
GRW_nodrift,2015-2016,2016-04-02,1,60.883051192103835
GRW_nodrift,2015-2016,2016-04-02,2,71.61586243015182
GRW_nodrift,2015-2016,2016-04-02,3,72.51420735070987
GRW_nodrift,2015-2016,2016-04-09,-1,6.5968206784725645
GRW_nodrift,2015-2016,2016-04-09,0,41.258106112775074
GRW_nodrift,2015-2016,2016-04-09,1,51.520896536787255
GRW_nodrift,2015-2016,2016-04-09,2,52.45495956935713
GRW_nodrift,2015-2016,2016-04-09,3,71.43733373322543
GRW_nodrift,2016-2017,2016-11-19,-1,0.41962392124608844
GRW_nodrift,2016-2017,2016-11-19,0,7.898924024406582
GRW_nodrift,2016-2017,2016-11-19,1,7.125027194061235
GRW_nodrift,2016-2017,2016-11-19,2,15.078321042276052
GRW_nodrift,2016-2017,2016-11-19,3,8.31069791981319
GRW_nodrift,2016-2017,2016-11-26,-1,0.811685556100994
GRW_nodrift,2016-2017,2016-11-26,0,2.3622670923662907
GRW_nodrift,2016-2017,2016-11-26,1,6.192973800147895
GRW_nodrift,2016-2017,2016-11-26,2,4.32733912645327
GRW_nodrift,2016-2017,2016-11-26,3,15.430088122756256
GRW_nodrift,2016-2017,2016-12-03,-1,0.8129025146207557
GRW_nodrift,2016-2017,2016-12-03,0,6.134424579815459
GRW_nodrift,2016-2017,2016-12-03,1,3.536376194386334
GRW_nodrift,2016-2017,2016-12-03,2,15.880629038402569
GRW_nodrift,2016-2017,2016-12-03,3,51.552343820247415
GRW_nodrift,2016-2017,2016-12-10,-1,1.1708712286970429
GRW_nodrift,2016-2017,2016-12-10,0,5.242215643769553
GRW_nodrift,2016-2017,2016-12-10,1,9.118616223682865
GRW_nodrift,2016-2017,2016-12-10,2,40.60209779854155
GRW_nodrift,2016-2017,2016-12-10,3,88.46715743049569
GRW_nodrift,2016-2017,2016-12-17,-1,0.916627243102564
GRW_nodrift,2016-2017,2016-12-17,0,16.02692291142192
GRW_nodrift,2016-2017,2016-12-17,1,55.58539253348408
GRW_nodrift,2016-2017,2016-12-17,2,111.64408733494162
GRW_nodrift,2016-2017,2016-12-17,3,99.13840520252569
GRW_nodrift,2016-2017,2016-12-24,-1,1.702496492077116
GRW_nodrift,2016-2017,2016-12-24,0,29.665220742103724
GRW_nodrift,2016-2017,2016-12-24,1,76.0335270796442
GRW_nodrift,2016-2017,2016-12-24,2,66.29832732554759
GRW_nodrift,2016-2017,2016-12-24,3,58.70295552723277
GRW_nodrift,2016-2017,2016-12-31,-1,3.2308425728685966
GRW_nodrift,2016-2017,2016-12-31,0,34.99655313319995
GRW_nodrift,2016-2017,2016-12-31,1,30.191959470746422
GRW_nodrift,2016-2017,2016-12-31,2,28.023071563682027
GRW_nodrift,2016-2017,2016-12-31,3,34.13647415265
GRW_nodrift,2016-2017,2017-01-07,-1,5.093357385803302
GRW_nodrift,2016-2017,2017-01-07,0,14.650760816021977
GRW_nodrift,2016-2017,2017-01-07,1,20.956232034470574
GRW_nodrift,2016-2017,2017-01-07,2,25.599289748869424
GRW_nodrift,2016-2017,2017-01-07,3,30.30079364145069
GRW_nodrift,2016-2017,2017-01-14,-1,4.989243662501801
GRW_nodrift,2016-2017,2017-01-14,0,14.729986645710712
GRW_nodrift,2016-2017,2017-01-14,1,20.324392985089617
GRW_nodrift,2016-2017,2017-01-14,2,25.132809022964697
GRW_nodrift,2016-2017,2017-01-14,3,38.820944948653036
GRW_nodrift,2016-2017,2017-01-21,-1,4.8209515995942755
GRW_nodrift,2016-2017,2017-01-21,0,14.819759506867042
GRW_nodrift,2016-2017,2017-01-21,1,20.078055327808958
GRW_nodrift,2016-2017,2017-01-21,2,37.340519477130464
GRW_nodrift,2016-2017,2017-01-21,3,183.01109373410003
GRW_nodrift,2016-2017,2017-01-28,-1,5.157674400637689
GRW_nodrift,2016-2017,2017-01-28,0,15.636057659840278
GRW_nodrift,2016-2017,2017-01-28,1,31.610800372197208
GRW_nodrift,2016-2017,2017-01-28,2,180.5079609257564
GRW_nodrift,2016-2017,2017-01-28,3,312.4330404890113
GRW_nodrift,2016-2017,2017-02-04,-1,4.910535624454327
GRW_nodrift,2016-2017,2017-02-04,0,34.05662149707914
GRW_nodrift,2016-2017,2017-02-04,1,207.82119827146198
GRW_nodrift,2016-2017,2017-02-04,2,349.55053451834596
GRW_nodrift,2016-2017,2017-02-04,3,454.5591245108086
GRW_nodrift,2016-2017,2017-02-11,-1,6.835951754666281
GRW_nodrift,2016-2017,2017-02-11,0,154.66500528926335
GRW_nodrift,2016-2017,2017-02-11,1,281.822321485182
GRW_nodrift,2016-2017,2017-02-11,2,375.3963625502278
GRW_nodrift,2016-2017,2017-02-11,3,191.2761734294518
GRW_nodrift,2016-2017,2017-02-18,-1,14.35156907352806
GRW_nodrift,2016-2017,2017-02-18,0,94.96693352642504
GRW_nodrift,2016-2017,2017-02-18,1,168.92807932380305
GRW_nodrift,2016-2017,2017-02-18,2,82.71467587888871
GRW_nodrift,2016-2017,2017-02-18,3,85.33305389804887
GRW_nodrift,2016-2017,2017-02-25,-1,19.63465993325234
GRW_nodrift,2016-2017,2017-02-25,0,82.48993899182551
GRW_nodrift,2016-2017,2017-02-25,1,83.88364431072024
GRW_nodrift,2016-2017,2017-02-25,2,112.67828483714725
GRW_nodrift,2016-2017,2017-02-25,3,145.78967709540808
GRW_nodrift,2016-2017,2017-03-04,-1,24.36195197056103
GRW_nodrift,2016-2017,2017-03-04,0,124.62506304810492
GRW_nodrift,2016-2017,2017-03-04,1,164.86695243811718
GRW_nodrift,2016-2017,2017-03-04,2,205.22565934122608
GRW_nodrift,2016-2017,2017-03-04,3,191.84237863716743
GRW_nodrift,2016-2017,2017-03-11,-1,17.650528137469024
GRW_nodrift,2016-2017,2017-03-11,0,56.16599230080174
GRW_nodrift,2016-2017,2017-03-11,1,91.79668519040632
GRW_nodrift,2016-2017,2017-03-11,2,91.78048051687878
GRW_nodrift,2016-2017,2017-03-11,3,113.38997097622521
GRW_nodrift,2016-2017,2017-03-18,-1,15.572046585056805
GRW_nodrift,2016-2017,2017-03-18,0,53.53959961299105
GRW_nodrift,2016-2017,2017-03-18,1,63.6349187809398
GRW_nodrift,2016-2017,2017-03-18,2,82.9784547493513
GRW_nodrift,2016-2017,2017-03-18,3,188.09180317166317
GRW_nodrift,2016-2017,2017-03-25,-1,13.610889788736491
GRW_nodrift,2016-2017,2017-03-25,0,44.577207349190125
GRW_nodrift,2016-2017,2017-03-25,1,54.593259069132195
GRW_nodrift,2016-2017,2017-03-25,2,143.97345165370734
GRW_nodrift,2016-2017,2017-03-25,3,215.69422872430764
GRW_nodrift,2016-2017,2017-04-01,-1,15.463489113293338
GRW_nodrift,2016-2017,2017-04-01,0,47.90829042622879
GRW_nodrift,2016-2017,2017-04-01,1,180.70190360151804
GRW_nodrift,2016-2017,2017-04-01,2,255.17543258464815
GRW_nodrift,2016-2017,2017-04-01,3,293.520760291424
GRW_nodrift,2016-2017,2017-04-08,-1,13.777921080971213
GRW_nodrift,2016-2017,2017-04-08,0,154.45636239517017
GRW_nodrift,2016-2017,2017-04-08,1,229.34782140470432
GRW_nodrift,2016-2017,2017-04-08,2,263.57763427970485
GRW_nodrift,2016-2017,2017-04-08,3,296.1597682965175
GRW_nodrift,2017-2018,2017-11-18,-1,0.9658048997128946
GRW_nodrift,2017-2018,2017-11-18,0,5.4947504406175725
GRW_nodrift,2017-2018,2017-11-18,1,9.524962251006517
GRW_nodrift,2017-2018,2017-11-18,2,21.643853011381932
GRW_nodrift,2017-2018,2017-11-18,3,23.255000866674717
GRW_nodrift,2017-2018,2017-11-25,-1,1.2993741009040256
GRW_nodrift,2017-2018,2017-11-25,0,4.943842354789885
GRW_nodrift,2017-2018,2017-11-25,1,14.778656916359822
GRW_nodrift,2017-2018,2017-11-25,2,16.41165219629228
GRW_nodrift,2017-2018,2017-11-25,3,26.34804628038162
GRW_nodrift,2017-2018,2017-12-02,-1,1.499014049090437
GRW_nodrift,2017-2018,2017-12-02,0,10.605389584615848
GRW_nodrift,2017-2018,2017-12-02,1,12.50916305384113
GRW_nodrift,2017-2018,2017-12-02,2,21.378607861946502
GRW_nodrift,2017-2018,2017-12-02,3,124.85422985072228
GRW_nodrift,2017-2018,2017-12-09,-1,2.164290550596023
GRW_nodrift,2017-2018,2017-12-09,0,6.44730387688613
GRW_nodrift,2017-2018,2017-12-09,1,12.808384989802677
GRW_nodrift,2017-2018,2017-12-09,2,103.96158242908935
GRW_nodrift,2017-2018,2017-12-09,3,216.63696619227278
GRW_nodrift,2017-2018,2017-12-16,-1,2.339885559115025
GRW_nodrift,2017-2018,2017-12-16,0,10.079827763736585
GRW_nodrift,2017-2018,2017-12-16,1,107.69381860559467
GRW_nodrift,2017-2018,2017-12-16,2,221.91972968475986
GRW_nodrift,2017-2018,2017-12-16,3,300.71647823178307
GRW_nodrift,2017-2018,2017-12-23,-1,2.8117689648146844
GRW_nodrift,2017-2018,2017-12-23,0,99.27050714644571
GRW_nodrift,2017-2018,2017-12-23,1,212.72444385648834
GRW_nodrift,2017-2018,2017-12-23,2,288.1706138851078
GRW_nodrift,2017-2018,2017-12-23,3,509.21506359332113
GRW_nodrift,2017-2018,2017-12-30,-1,7.041330552957064
GRW_nodrift,2017-2018,2017-12-30,0,74.08095817715162
GRW_nodrift,2017-2018,2017-12-30,1,131.40997063294893
GRW_nodrift,2017-2018,2017-12-30,2,302.12630476880804
GRW_nodrift,2017-2018,2017-12-30,3,403.7210576747041
GRW_nodrift,2017-2018,2018-01-06,-1,11.314923340028345
GRW_nodrift,2017-2018,2018-01-06,0,53.85508247765248
GRW_nodrift,2017-2018,2018-01-06,1,189.1946048608626
GRW_nodrift,2017-2018,2018-01-06,2,280.33963470211006
GRW_nodrift,2017-2018,2018-01-06,3,282.1473372185062
GRW_nodrift,2017-2018,2018-01-13,-1,14.27024686468612
GRW_nodrift,2017-2018,2018-01-13,0,132.96399894838723
GRW_nodrift,2017-2018,2018-01-13,1,216.3818096988419
GRW_nodrift,2017-2018,2018-01-13,2,219.29340397884727
GRW_nodrift,2017-2018,2018-01-13,3,283.81851815247956
GRW_nodrift,2017-2018,2018-01-20,-1,21.813717145242304
GRW_nodrift,2017-2018,2018-01-20,0,87.14446581372603
GRW_nodrift,2017-2018,2018-01-20,1,112.51339926030279
GRW_nodrift,2017-2018,2018-01-20,2,163.88013923346912
GRW_nodrift,2017-2018,2018-01-20,3,208.00928443116283
GRW_nodrift,2017-2018,2018-01-27,-1,26.47002491719093
GRW_nodrift,2017-2018,2018-01-27,0,76.9452443106991
GRW_nodrift,2017-2018,2018-01-27,1,121.23215960699473
GRW_nodrift,2017-2018,2018-01-27,2,166.02509130251983
GRW_nodrift,2017-2018,2018-01-27,3,165.27272631635375
GRW_nodrift,2017-2018,2018-02-03,-1,26.727020375953284
GRW_nodrift,2017-2018,2018-02-03,0,92.15818052744268
GRW_nodrift,2017-2018,2018-02-03,1,139.27090747386674
GRW_nodrift,2017-2018,2018-02-03,2,144.03944371274997
GRW_nodrift,2017-2018,2018-02-03,3,234.40717469232976
GRW_nodrift,2017-2018,2018-02-10,-1,30.548336755469233
GRW_nodrift,2017-2018,2018-02-10,0,95.71166241161711
GRW_nodrift,2017-2018,2018-02-10,1,122.99540108822274
GRW_nodrift,2017-2018,2018-02-10,2,284.3706831369237
GRW_nodrift,2017-2018,2018-02-10,3,448.05406896735235
GRW_nodrift,2017-2018,2018-02-17,-1,33.645368847826134
GRW_nodrift,2017-2018,2018-02-17,0,103.54607684830681
GRW_nodrift,2017-2018,2018-02-17,1,334.10101718709853
GRW_nodrift,2017-2018,2018-02-17,2,507.07238999329985
GRW_nodrift,2017-2018,2018-02-17,3,578.4062562280758
GRW_nodrift,2017-2018,2018-02-24,-1,29.882763540580317
GRW_nodrift,2017-2018,2018-02-24,0,282.97556172968655
GRW_nodrift,2017-2018,2018-02-24,1,459.45474391861666
GRW_nodrift,2017-2018,2018-02-24,2,516.37368656802
GRW_nodrift,2017-2018,2018-02-24,3,501.83690467041583
GRW_nodrift,2017-2018,2018-03-03,-1,16.294959657150773
GRW_nodrift,2017-2018,2018-03-03,0,140.50281594555418
GRW_nodrift,2017-2018,2018-03-03,1,196.41305056142969
GRW_nodrift,2017-2018,2018-03-03,2,188.32493526171422
GRW_nodrift,2017-2018,2018-03-03,3,192.6945632724518
GRW_nodrift,2017-2018,2018-03-10,-1,9.078559824320239
GRW_nodrift,2017-2018,2018-03-10,0,47.50338962336607
GRW_nodrift,2017-2018,2018-03-10,1,49.91553550518193
GRW_nodrift,2017-2018,2018-03-10,2,57.622521934316744
GRW_nodrift,2017-2018,2018-03-10,3,61.376587472505584
GRW_nodrift,2017-2018,2018-03-17,-1,6.580862155090513
GRW_nodrift,2017-2018,2018-03-17,0,19.690152319870904
GRW_nodrift,2017-2018,2018-03-17,1,26.863444910907578
GRW_nodrift,2017-2018,2018-03-17,2,33.21005948966981
GRW_nodrift,2017-2018,2018-03-17,3,40.78736996296699
GRW_nodrift,2017-2018,2018-03-24,-1,6.918172185750304
GRW_nodrift,2017-2018,2018-03-24,0,19.926972862167215
GRW_nodrift,2017-2018,2018-03-24,1,27.635231642133192
GRW_nodrift,2017-2018,2018-03-24,2,37.62243713756882
GRW_nodrift,2017-2018,2018-03-24,3,73.45752593174774
GRW_nodrift,2017-2018,2018-03-31,-1,6.709311398803022
GRW_nodrift,2017-2018,2018-03-31,0,19.505618546820056
GRW_nodrift,2017-2018,2018-03-31,1,30.132015524937305
GRW_nodrift,2017-2018,2018-03-31,2,69.87839132048921
GRW_nodrift,2017-2018,2018-03-31,3,87.24273518073853
GRW_nodrift,2017-2018,2018-04-07,-1,6.982637703970761
GRW_nodrift,2017-2018,2018-04-07,0,27.246363701525436
GRW_nodrift,2017-2018,2018-04-07,1,76.70086940954293
GRW_nodrift,2017-2018,2018-04-07,2,94.08135927400453
GRW_nodrift,2017-2018,2018-04-07,3,106.82205622924499
GRW_nodrift,2017-2018,2018-04-14,-1,5.602581536182243
GRW_nodrift,2017-2018,2018-04-14,0,49.62736435206987
GRW_nodrift,2017-2018,2018-04-14,1,66.07455858567424
GRW_nodrift,2017-2018,2018-04-14,2,78.00356371978224
GRW_nodrift,2017-2018,2018-04-14,3,105.80678746022916
GRW_nodrift,2018-2019,2018-11-17,-1,1.2402641318962335
GRW_nodrift,2018-2019,2018-11-17,0,6.289038994821295
GRW_nodrift,2018-2019,2018-11-17,1,7.995256374703516
GRW_nodrift,2018-2019,2018-11-17,2,8.566041035624703
GRW_nodrift,2018-2019,2018-11-17,3,10.230377954399758
GRW_nodrift,2018-2019,2018-11-24,-1,0.9050194744099934
GRW_nodrift,2018-2019,2018-11-24,0,15.420937415945064
GRW_nodrift,2018-2019,2018-11-24,1,13.285624203420332
GRW_nodrift,2018-2019,2018-11-24,2,14.19737026152665
GRW_nodrift,2018-2019,2018-11-24,3,26.896700454358367
GRW_nodrift,2018-2019,2018-12-01,-1,1.6907275203149887
GRW_nodrift,2018-2019,2018-12-01,0,4.834345652579554
GRW_nodrift,2018-2019,2018-12-01,1,6.7899414434543495
GRW_nodrift,2018-2019,2018-12-01,2,12.547491407913622
GRW_nodrift,2018-2019,2018-12-01,3,35.06381180209984
GRW_nodrift,2018-2019,2018-12-08,-1,1.6405006151839892
GRW_nodrift,2018-2019,2018-12-08,0,4.894379182007985
GRW_nodrift,2018-2019,2018-12-08,1,12.361854382541397
GRW_nodrift,2018-2019,2018-12-08,2,37.56830016556087
GRW_nodrift,2018-2019,2018-12-08,3,107.89266333202117
GRW_nodrift,2018-2019,2018-12-15,-1,1.7307932437658506
GRW_nodrift,2018-2019,2018-12-15,0,10.69836436743399
GRW_nodrift,2018-2019,2018-12-15,1,37.572051079915944
GRW_nodrift,2018-2019,2018-12-15,2,109.14100421732769
GRW_nodrift,2018-2019,2018-12-15,3,101.91004926757901
GRW_nodrift,2018-2019,2018-12-22,-1,2.339711188373083
GRW_nodrift,2018-2019,2018-12-22,0,23.901687815107774
GRW_nodrift,2018-2019,2018-12-22,1,90.86530083990067
GRW_nodrift,2018-2019,2018-12-22,2,83.16055074550614
GRW_nodrift,2018-2019,2018-12-22,3,48.2152505955925
GRW_nodrift,2018-2019,2018-12-29,-1,3.7250988074661517
GRW_nodrift,2018-2019,2018-12-29,0,55.90077476392331
GRW_nodrift,2018-2019,2018-12-29,1,49.948044853655446
GRW_nodrift,2018-2019,2018-12-29,2,27.576563385708248
GRW_nodrift,2018-2019,2018-12-29,3,51.71685637631424
GRW_nodrift,2018-2019,2019-01-05,-1,6.650083377177945
GRW_nodrift,2018-2019,2019-01-05,0,19.35413323958581
GRW_nodrift,2018-2019,2019-01-05,1,33.424651316131204
GRW_nodrift,2018-2019,2019-01-05,2,33.32870620691825
GRW_nodrift,2018-2019,2019-01-05,3,66.22270634045199
GRW_nodrift,2018-2019,2019-01-12,-1,6.5627403865897325
GRW_nodrift,2018-2019,2019-01-12,0,28.456976181019968
GRW_nodrift,2018-2019,2019-01-12,1,27.439164291463932
GRW_nodrift,2018-2019,2019-01-12,2,64.07190205880413
GRW_nodrift,2018-2019,2019-01-12,3,187.96229616053535
GRW_nodrift,2018-2019,2019-01-19,-1,5.146951756242521
GRW_nodrift,2018-2019,2019-01-19,0,28.817673017178926
GRW_nodrift,2018-2019,2019-01-19,1,94.87611982479335
GRW_nodrift,2018-2019,2019-01-19,2,248.88225190285564
GRW_nodrift,2018-2019,2019-01-19,3,556.1405396161306
GRW_nodrift,2018-2019,2019-01-26,-1,6.906426980997162
GRW_nodrift,2018-2019,2019-01-26,0,61.21963105780553
GRW_nodrift,2018-2019,2019-01-26,1,203.58866560452873
GRW_nodrift,2018-2019,2019-01-26,2,497.8995415176445
GRW_nodrift,2018-2019,2019-01-26,3,361.9088743329568
GRW_nodrift,2018-2019,2019-02-02,-1,10.453270927578771
GRW_nodrift,2018-2019,2019-02-02,0,118.22198532572156
GRW_nodrift,2018-2019,2019-02-02,1,378.8941810010874
GRW_nodrift,2018-2019,2019-02-02,2,255.68668395741764
GRW_nodrift,2018-2019,2019-02-02,3,170.08205677660442
GRW_nodrift,2018-2019,2019-02-09,-1,17.104166302195466
GRW_nodrift,2018-2019,2019-02-09,0,206.1373548859142
GRW_nodrift,2018-2019,2019-02-09,1,125.84267985512825
GRW_nodrift,2018-2019,2019-02-09,2,97.93525514155095
GRW_nodrift,2018-2019,2019-02-09,3,102.65570228302559
GRW_nodrift,2018-2019,2019-02-16,-1,27.696249371881404
GRW_nodrift,2018-2019,2019-02-16,0,98.61492199655261
GRW_nodrift,2018-2019,2019-02-16,1,165.01341101920968
GRW_nodrift,2018-2019,2019-02-16,2,206.43840141234958
GRW_nodrift,2018-2019,2019-02-16,3,313.5003894161963
GRW_nodrift,2018-2019,2019-02-23,-1,24.148480301874923
GRW_nodrift,2018-2019,2019-02-23,0,88.2266772980592
GRW_nodrift,2018-2019,2019-02-23,1,129.55806764547447
GRW_nodrift,2018-2019,2019-02-23,2,230.79081738865557
GRW_nodrift,2018-2019,2019-02-23,3,244.4195500789073
GRW_nodrift,2018-2019,2019-03-02,-1,20.108173596112827
GRW_nodrift,2018-2019,2019-03-02,0,63.67925853989138
GRW_nodrift,2018-2019,2019-03-02,1,145.33803957662147
GRW_nodrift,2018-2019,2019-03-02,2,158.23272580469927
GRW_nodrift,2018-2019,2019-03-02,3,254.43168156978493
GRW_nodrift,2018-2019,2019-03-09,-1,18.20364196534589
GRW_nodrift,2018-2019,2019-03-09,0,108.66069575826695
GRW_nodrift,2018-2019,2019-03-09,1,120.27910017785416
GRW_nodrift,2018-2019,2019-03-09,2,212.6022184990029
GRW_nodrift,2018-2019,2019-03-09,3,213.56949182896716
GRW_nodrift,2018-2019,2019-03-16,-1,13.170803159288136
GRW_nodrift,2018-2019,2019-03-16,0,38.65190753918076
GRW_nodrift,2018-2019,2019-03-16,1,95.76618305331387
GRW_nodrift,2018-2019,2019-03-16,2,101.17559199434467
GRW_nodrift,2018-2019,2019-03-16,3,111.61208716368908
GRW_nodrift,2018-2019,2019-03-23,-1,12.70278004674523
GRW_nodrift,2018-2019,2019-03-23,0,86.85221729666284
GRW_nodrift,2018-2019,2019-03-23,1,90.28622397500389
GRW_nodrift,2018-2019,2019-03-23,2,98.59385743554434
GRW_nodrift,2018-2019,2019-03-23,3,150.289429135438
GRW_nodrift,2018-2019,2019-03-30,-1,8.179543549162902
GRW_nodrift,2018-2019,2019-03-30,0,23.289788026690733
GRW_nodrift,2018-2019,2019-03-30,1,33.43355849483088
GRW_nodrift,2018-2019,2019-03-30,2,60.142272709270614
GRW_nodrift,2018-2019,2019-03-30,3,109.00927815524459
GRW_nodrift,2018-2019,2019-04-06,-1,8.155636192339825
GRW_nodrift,2018-2019,2019-04-06,0,24.238255509251395
GRW_nodrift,2018-2019,2019-04-06,1,57.111634018910735
GRW_nodrift,2018-2019,2019-04-06,2,109.87963203997096
GRW_nodrift,2018-2019,2019-04-06,3,140.13777374954967
GRW_nodrift,2018-2019,2019-04-13,-1,7.906901217191016
GRW_nodrift,2018-2019,2019-04-13,0,48.69976278206984
GRW_nodrift,2018-2019,2019-04-13,1,104.68380630709194
GRW_nodrift,2018-2019,2019-04-13,2,134.0022103666393
GRW_nodrift,2018-2019,2019-04-13,3,160.0751577062432
GRW_nodrift,2019-2020,2019-11-16,-1,0.9644795208386409
GRW_nodrift,2019-2020,2019-11-16,0,9.073374924973708
GRW_nodrift,2019-2020,2019-11-16,1,9.86305254757956
GRW_nodrift,2019-2020,2019-11-16,2,27.12729028835762
GRW_nodrift,2019-2020,2019-11-16,3,30.544801291818537
GRW_nodrift,2019-2020,2019-11-23,-1,1.474617603946137
GRW_nodrift,2019-2020,2019-11-23,0,4.275334226637206
GRW_nodrift,2019-2020,2019-11-23,1,15.260945634919002
GRW_nodrift,2019-2020,2019-11-23,2,18.472658017826493
GRW_nodrift,2019-2020,2019-11-23,3,49.460534228521006
GRW_nodrift,2019-2020,2019-11-30,-1,1.5443648501644267
GRW_nodrift,2019-2020,2019-11-30,0,14.868412851944047
GRW_nodrift,2019-2020,2019-11-30,1,18.006555382289022
GRW_nodrift,2019-2020,2019-11-30,2,50.50895693004125
GRW_nodrift,2019-2020,2019-11-30,3,74.11353760093807
GRW_nodrift,2019-2020,2019-12-07,-1,2.3297411432904913
GRW_nodrift,2019-2020,2019-12-07,0,7.481437765422755
GRW_nodrift,2019-2020,2019-12-07,1,28.913543186544256
GRW_nodrift,2019-2020,2019-12-07,2,49.79360597867597
GRW_nodrift,2019-2020,2019-12-07,3,185.69073849128355
GRW_nodrift,2019-2020,2019-12-14,-1,2.6330847421540593
GRW_nodrift,2019-2020,2019-12-14,0,27.13975035254962
GRW_nodrift,2019-2020,2019-12-14,1,48.09976738014932
GRW_nodrift,2019-2020,2019-12-14,2,191.48896936643985
GRW_nodrift,2019-2020,2019-12-14,3,273.19575021744686
GRW_nodrift,2019-2020,2019-12-21,-1,4.103204211678262
GRW_nodrift,2019-2020,2019-12-21,0,19.261270928845885
GRW_nodrift,2019-2020,2019-12-21,1,136.78415556112327
GRW_nodrift,2019-2020,2019-12-21,2,211.26471974325077
GRW_nodrift,2019-2020,2019-12-21,3,101.54833342178327
GRW_nodrift,2019-2020,2019-12-28,-1,5.208848792989477
GRW_nodrift,2019-2020,2019-12-28,0,115.35652344771148
GRW_nodrift,2019-2020,2019-12-28,1,182.54974619269663
GRW_nodrift,2019-2020,2019-12-28,2,78.4454539110257
GRW_nodrift,2019-2020,2019-12-28,3,66.00743532068185
GRW_nodrift,2019-2020,2020-01-04,-1,10.60894462524416
GRW_nodrift,2019-2020,2020-01-04,0,54.19885190300311
GRW_nodrift,2019-2020,2020-01-04,1,44.90319213227483
GRW_nodrift,2019-2020,2020-01-04,2,58.31111290395145
GRW_nodrift,2019-2020,2020-01-04,3,65.72000548690217
GRW_nodrift,2019-2020,2020-01-11,-1,14.03446996478969
GRW_nodrift,2019-2020,2020-01-11,0,75.46503476537015
GRW_nodrift,2019-2020,2020-01-11,1,95.1541277328615
GRW_nodrift,2019-2020,2020-01-11,2,75.259582003248
GRW_nodrift,2019-2020,2020-01-11,3,94.57372171644593
GRW_nodrift,2019-2020,2020-01-18,-1,9.663935807621018
GRW_nodrift,2019-2020,2020-01-18,0,29.27144215602358
GRW_nodrift,2019-2020,2020-01-18,1,48.87518693067993
GRW_nodrift,2019-2020,2020-01-18,2,126.03986913206181
GRW_nodrift,2019-2020,2020-01-18,3,231.8764070229564
GRW_nodrift,2019-2020,2020-01-25,-1,9.055971051372678
GRW_nodrift,2019-2020,2020-01-25,0,49.671850439452996
GRW_nodrift,2019-2020,2020-01-25,1,150.56473630096025
GRW_nodrift,2019-2020,2020-01-25,2,266.33926839324107
GRW_nodrift,2019-2020,2020-01-25,3,143.06656913354863
GRW_nodrift,2019-2020,2020-02-01,-1,12.051080070690956
GRW_nodrift,2019-2020,2020-02-01,0,92.36715451689274
GRW_nodrift,2019-2020,2020-02-01,1,197.9326967283047
GRW_nodrift,2019-2020,2020-02-01,2,99.48381896679348
GRW_nodrift,2019-2020,2020-02-01,3,90.53993265239758
GRW_nodrift,2019-2020,2020-02-08,-1,17.108218527632374
GRW_nodrift,2019-2020,2020-02-08,0,96.3220620016164
GRW_nodrift,2019-2020,2020-02-08,1,70.09963585886979
GRW_nodrift,2019-2020,2020-02-08,2,88.51412220369536
GRW_nodrift,2019-2020,2020-02-08,3,107.13118707188922
GRW_nodrift,2019-2020,2020-02-15,-1,23.220044113119208
GRW_nodrift,2019-2020,2020-02-15,0,106.36213229821878
GRW_nodrift,2019-2020,2020-02-15,1,139.83536645505788
GRW_nodrift,2019-2020,2020-02-15,2,167.13755080262902
GRW_nodrift,2019-2020,2020-02-15,3,184.8081856241887
GRW_nodrift,2019-2020,2020-02-22,-1,17.006600523731283
GRW_nodrift,2019-2020,2020-02-22,0,54.506753146820174
GRW_nodrift,2019-2020,2020-02-22,1,77.79652130805829
GRW_nodrift,2019-2020,2020-02-22,2,94.14094654554442
GRW_nodrift,2019-2020,2020-02-22,3,129.9036081994758
GRW_nodrift,2019-2020,2020-02-29,-1,16.24002950064506
GRW_nodrift,2019-2020,2020-02-29,0,49.90262598168812
GRW_nodrift,2019-2020,2020-02-29,1,68.33191624521253
GRW_nodrift,2019-2020,2020-02-29,2,99.02662515720033
GRW_nodrift,2019-2020,2020-02-29,3,194.48198934325896
GRW_nodrift,2019-2020,2020-03-07,-1,15.039452893573937
GRW_nodrift,2019-2020,2020-03-07,0,43.810175661614025
GRW_nodrift,2019-2020,2020-03-07,1,73.41366368436411
GRW_nodrift,2019-2020,2020-03-07,2,167.91858769337915
GRW_nodrift,2019-2020,2020-03-07,3,301.9465812430287
GRW_nodrift,2019-2020,2020-03-14,-1,14.922073504574131
GRW_nodrift,2019-2020,2020-03-14,0,57.44953964047467
GRW_nodrift,2019-2020,2020-03-14,1,161.18367335702493
GRW_nodrift,2019-2020,2020-03-14,2,300.35869335453555
GRW_nodrift,2019-2020,2020-03-14,3,314.45404871444333
GRW_nodrift,2019-2020,2020-03-21,-1,12.317853902691379
GRW_nodrift,2019-2020,2020-03-21,0,109.44437579116038
GRW_nodrift,2019-2020,2020-03-21,1,247.62815570030634
GRW_nodrift,2019-2020,2020-03-21,2,256.7396977322804
GRW_nodrift,2019-2020,2020-03-21,3,275.9855582696153
GRW_nodrift,2019-2020,2020-03-28,-1,6.660316771734737
GRW_nodrift,2019-2020,2020-03-28,0,116.47193082207293
GRW_nodrift,2019-2020,2020-03-28,1,125.89637757853004
GRW_nodrift,2019-2020,2020-03-28,2,144.4477107006549
GRW_nodrift,2019-2020,2020-03-28,3,151.12277533086973
GRW_nodrift,2019-2020,2020-04-04,-1,1.8352928863275288
GRW_nodrift,2019-2020,2020-04-04,0,10.28888475094282
GRW_nodrift,2019-2020,2020-04-04,1,26.553598310430655
GRW_nodrift,2019-2020,2020-04-04,2,33.05587125679891
GRW_nodrift,2019-2020,2020-04-04,3,28.36756465381504
GRW_nodrift,2019-2020,2020-04-11,-1,1.3042876665569603
GRW_nodrift,2019-2020,2020-04-11,0,14.572649877707608
GRW_nodrift,2019-2020,2020-04-11,1,20.43779568031279
GRW_nodrift,2019-2020,2020-04-11,2,15.952337627012414
GRW_nodrift,2019-2020,2020-04-11,3,14.181988964542036
GRW_nodrift,2023-2024,2023-11-18,-1,3.71848391259711
GRW_nodrift,2023-2024,2023-11-18,0,20.81306899662875
GRW_nodrift,2023-2024,2023-11-18,1,64.683084744919
GRW_nodrift,2023-2024,2023-11-18,2,115.17279449698856
GRW_nodrift,2023-2024,2023-11-18,3,250.83447157807905
GRW_nodrift,2023-2024,2023-11-25,-1,4.947296370465511
GRW_nodrift,2023-2024,2023-11-25,0,40.15383516889364
GRW_nodrift,2023-2024,2023-11-25,1,86.95595874433656
GRW_nodrift,2023-2024,2023-11-25,2,214.70227021591685
GRW_nodrift,2023-2024,2023-11-25,3,377.6903999690294
GRW_nodrift,2023-2024,2023-12-02,-1,7.338109166267405
GRW_nodrift,2023-2024,2023-12-02,0,41.242139762016734
GRW_nodrift,2023-2024,2023-12-02,1,150.88433641310036
GRW_nodrift,2023-2024,2023-12-02,2,301.10230251244377
GRW_nodrift,2023-2024,2023-12-02,3,742.905042310243
GRW_nodrift,2023-2024,2023-12-09,-1,9.745072802228743
GRW_nodrift,2023-2024,2023-12-09,0,99.02810430845473
GRW_nodrift,2023-2024,2023-12-09,1,239.03159228897402
GRW_nodrift,2023-2024,2023-12-09,2,669.0608161635316
GRW_nodrift,2023-2024,2023-12-09,3,1099.7708605229943
GRW_nodrift,2023-2024,2023-12-16,-1,15.53115465962783
GRW_nodrift,2023-2024,2023-12-16,0,109.82112683161502
GRW_nodrift,2023-2024,2023-12-16,1,471.35518574857315
GRW_nodrift,2023-2024,2023-12-16,2,862.9897139742661
GRW_nodrift,2023-2024,2023-12-16,3,336.82499418284056
GRW_nodrift,2023-2024,2023-12-23,-1,21.53765962132451
GRW_nodrift,2023-2024,2023-12-23,0,316.94053430677
GRW_nodrift,2023-2024,2023-12-23,1,665.4473580531784
GRW_nodrift,2023-2024,2023-12-23,2,210.34448543830396
GRW_nodrift,2023-2024,2023-12-23,3,128.19909049866018
GRW_nodrift,2023-2024,2023-12-30,-1,37.756224655123624
GRW_nodrift,2023-2024,2023-12-30,0,267.8555931504137
GRW_nodrift,2023-2024,2023-12-30,1,168.27683150894805
GRW_nodrift,2023-2024,2023-12-30,2,331.3104899308776
GRW_nodrift,2023-2024,2023-12-30,3,488.74950985152606
GRW_nodrift,2023-2024,2024-01-06,-1,55.13797403238828
GRW_nodrift,2023-2024,2024-01-06,0,385.2284050560834
GRW_nodrift,2023-2024,2024-01-06,1,648.9816923123332
GRW_nodrift,2023-2024,2024-01-06,2,840.8681689121147
GRW_nodrift,2023-2024,2024-01-06,3,891.2038429480322
GRW_nodrift,2023-2024,2024-01-13,-1,34.09224500954423
GRW_nodrift,2023-2024,2024-01-13,0,220.575020163134
GRW_nodrift,2023-2024,2024-01-13,1,380.3266560297115
GRW_nodrift,2023-2024,2024-01-13,2,411.6691149745091
GRW_nodrift,2023-2024,2024-01-13,3,489.2853520820039
GRW_nodrift,2023-2024,2024-01-20,-1,22.323041267426213
GRW_nodrift,2023-2024,2024-01-20,0,138.1385062919238
GRW_nodrift,2023-2024,2024-01-20,1,170.87642977587092
GRW_nodrift,2023-2024,2024-01-20,2,235.84782243646768
GRW_nodrift,2023-2024,2024-01-20,3,268.06001646188776
GRW_nodrift,2023-2024,2024-01-27,-1,15.168832566089705
GRW_nodrift,2023-2024,2024-01-27,0,49.540549847410354
GRW_nodrift,2023-2024,2024-01-27,1,97.4935106612177
GRW_nodrift,2023-2024,2024-01-27,2,124.07547573485971
GRW_nodrift,2023-2024,2024-01-27,3,153.6889657498726
GRW_nodrift,2023-2024,2024-02-03,-1,13.525318290464162
GRW_nodrift,2023-2024,2024-02-03,0,62.47747020764228
GRW_nodrift,2023-2024,2024-02-03,1,88.40783831940826
GRW_nodrift,2023-2024,2024-02-03,2,117.71426235566682
GRW_nodrift,2023-2024,2024-02-03,3,106.24947738738013
GRW_nodrift,2023-2024,2024-02-10,-1,10.522683391493283
GRW_nodrift,2023-2024,2024-02-10,0,35.35009968642629
GRW_nodrift,2023-2024,2024-02-10,1,58.42533390000333
GRW_nodrift,2023-2024,2024-02-10,2,55.981766740810166
GRW_nodrift,2023-2024,2024-02-10,3,74.34126772220355
GRW_nodrift,2023-2024,2024-02-17,-1,9.188418190054536
GRW_nodrift,2023-2024,2024-02-17,0,32.69914628746378
GRW_nodrift,2023-2024,2024-02-17,1,37.24574777197891
GRW_nodrift,2023-2024,2024-02-17,2,52.55465460582022
GRW_nodrift,2023-2024,2024-02-17,3,69.08719981534384
GRW_nodrift,2023-2024,2024-02-24,-1,7.566156877652132
GRW_nodrift,2023-2024,2024-02-24,0,27.551482896696907
GRW_nodrift,2023-2024,2024-02-24,1,32.0529266983307
GRW_nodrift,2023-2024,2024-02-24,2,43.14055334294141
GRW_nodrift,2023-2024,2024-02-24,3,77.41077522410134
GRW_nodrift,2023-2024,2024-03-02,-1,8.917427126618826
GRW_nodrift,2023-2024,2024-03-02,0,33.21955905410244
GRW_nodrift,2023-2024,2024-03-02,1,52.03570697000105
GRW_nodrift,2023-2024,2024-03-02,2,98.47892847549835
GRW_nodrift,2023-2024,2024-03-02,3,114.33616222155518
GRW_nodrift,2023-2024,2024-03-09,-1,7.431927080831003
GRW_nodrift,2023-2024,2024-03-09,0,25.882189050953922
GRW_nodrift,2023-2024,2024-03-09,1,68.03512225075468
GRW_nodrift,2023-2024,2024-03-09,2,83.0452973817175
GRW_nodrift,2023-2024,2024-03-09,3,63.90349983053466
GRW_nodrift,2023-2024,2024-03-16,-1,6.495747885928392
GRW_nodrift,2023-2024,2024-03-16,0,47.14072727263012
GRW_nodrift,2023-2024,2024-03-16,1,59.21968724218886
GRW_nodrift,2023-2024,2024-03-16,2,42.38238128230897
GRW_nodrift,2023-2024,2024-03-16,3,57.08616150907777
GRW_nodrift,2023-2024,2024-03-23,-1,3.943165198342192
GRW_nodrift,2023-2024,2024-03-23,0,14.294234295447175
GRW_nodrift,2023-2024,2024-03-23,1,17.580407503616726
GRW_nodrift,2023-2024,2024-03-23,2,20.415417397665834
GRW_nodrift,2023-2024,2024-03-23,3,29.434238221484733
GRW_nodrift,2023-2024,2024-03-30,-1,3.417330561724803
GRW_nodrift,2023-2024,2024-03-30,0,19.30207055831794
GRW_nodrift,2023-2024,2024-03-30,1,14.357582677742972
GRW_nodrift,2023-2024,2024-03-30,2,18.838469368407633
GRW_nodrift,2023-2024,2024-03-30,3,36.93185935073717
GRW_nodrift,2023-2024,2024-04-06,-1,4.496534289414641
GRW_nodrift,2023-2024,2024-04-06,0,18.22245874947155
GRW_nodrift,2023-2024,2024-04-06,1,33.87053879842565
GRW_nodrift,2023-2024,2024-04-06,2,60.908007790478145
GRW_nodrift,2023-2024,2024-04-06,3,57.57674820025248
GRW_nodrift,2023-2024,2024-04-13,-1,3.7039815768249142
GRW_nodrift,2023-2024,2024-04-13,0,16.41746083983064
GRW_nodrift,2023-2024,2024-04-13,1,41.42328802533957
GRW_nodrift,2023-2024,2024-04-13,2,37.929888059396674
GRW_nodrift,2023-2024,2024-04-13,3,42.149742463926
GRW_nodrift,2024-2025,2024-11-16,-1,1.4096183677065934
GRW_nodrift,2024-2025,2024-11-16,0,6.596612097028738
GRW_nodrift,2024-2025,2024-11-16,1,16.986228715632148
GRW_nodrift,2024-2025,2024-11-16,2,12.931171034013802
GRW_nodrift,2024-2025,2024-11-16,3,28.434145544782332
GRW_nodrift,2024-2025,2024-11-23,-1,1.7573387807647174
GRW_nodrift,2024-2025,2024-11-23,0,10.675154522182957
GRW_nodrift,2024-2025,2024-11-23,1,8.811464596020333
GRW_nodrift,2024-2025,2024-11-23,2,21.451251131190777
GRW_nodrift,2024-2025,2024-11-23,3,73.93948847714498
GRW_nodrift,2024-2025,2024-11-30,-1,2.4216207179322256
GRW_nodrift,2024-2025,2024-11-30,0,7.632960843066599
GRW_nodrift,2024-2025,2024-11-30,1,13.581822261803218
GRW_nodrift,2024-2025,2024-11-30,2,57.34713658809279
GRW_nodrift,2024-2025,2024-11-30,3,122.3877527529999
GRW_nodrift,2024-2025,2024-12-07,-1,2.1659167408529614
GRW_nodrift,2024-2025,2024-12-07,0,15.147254178172563
GRW_nodrift,2024-2025,2024-12-07,1,68.56538751440016
GRW_nodrift,2024-2025,2024-12-07,2,140.53602589712506
GRW_nodrift,2024-2025,2024-12-07,3,377.4121489605129
GRW_nodrift,2024-2025,2024-12-14,-1,3.1087087343310786
GRW_nodrift,2024-2025,2024-12-14,0,47.000803265930266
GRW_nodrift,2024-2025,2024-12-14,1,113.0345133824476
GRW_nodrift,2024-2025,2024-12-14,2,335.36901367828955
GRW_nodrift,2024-2025,2024-12-14,3,498.20714273718505
GRW_nodrift,2024-2025,2024-12-21,-1,5.532352871711746
GRW_nodrift,2024-2025,2024-12-21,0,50.69284497666448
GRW_nodrift,2024-2025,2024-12-21,1,239.70620784992957
GRW_nodrift,2024-2025,2024-12-21,2,381.505360172421
GRW_nodrift,2024-2025,2024-12-21,3,345.6339148800696
GRW_nodrift,2024-2025,2024-12-28,-1,8.137607515765822
GRW_nodrift,2024-2025,2024-12-28,0,159.13998237992956
GRW_nodrift,2024-2025,2024-12-28,1,284.63461842898056
GRW_nodrift,2024-2025,2024-12-28,2,254.3424972115648
GRW_nodrift,2024-2025,2024-12-28,3,398.91644763106893
GRW_nodrift,2024-2025,2025-01-04,-1,16.19052251022226
GRW_nodrift,2024-2025,2025-01-04,0,97.27655319964163
GRW_nodrift,2024-2025,2025-01-04,1,97.85872818672505
GRW_nodrift,2024-2025,2025-01-04,2,195.96663519479128
GRW_nodrift,2024-2025,2025-01-04,3,451.98719709984437
GRW_nodrift,2024-2025,2025-01-11,-1,21.750798004043567
GRW_nodrift,2024-2025,2025-01-11,0,65.46041526040612
GRW_nodrift,2024-2025,2025-01-11,1,122.08176771287143
GRW_nodrift,2024-2025,2025-01-11,2,323.22210554673245
GRW_nodrift,2024-2025,2025-01-11,3,580.3640436451615
GRW_nodrift,2024-2025,2025-01-18,-1,21.787542222967286
GRW_nodrift,2024-2025,2025-01-18,0,110.33716487908559
GRW_nodrift,2024-2025,2025-01-18,1,344.8605504737245
GRW_nodrift,2024-2025,2025-01-18,2,623.0033124830951
GRW_nodrift,2024-2025,2025-01-18,3,677.3433232591572
GRW_nodrift,2024-2025,2025-01-25,-1,28.258526004304763
GRW_nodrift,2024-2025,2025-01-25,0,221.4004870883971
GRW_nodrift,2024-2025,2025-01-25,1,474.52818796494495
GRW_nodrift,2024-2025,2025-01-25,2,536.7709149774767
GRW_nodrift,2024-2025,2025-01-25,3,281.7236290112173
GRW_nodrift,2024-2025,2025-02-01,-1,41.27054231853882
GRW_nodrift,2024-2025,2025-02-01,0,231.9443077657424
GRW_nodrift,2024-2025,2025-02-01,1,298.5912019031059
GRW_nodrift,2024-2025,2025-02-01,2,209.98348925082104
GRW_nodrift,2024-2025,2025-02-01,3,293.2972989750878
GRW_nodrift,2024-2025,2025-02-08,-1,55.53352402822205
GRW_nodrift,2024-2025,2025-02-08,0,165.94908068391481
GRW_nodrift,2024-2025,2025-02-08,1,267.2057437412235
GRW_nodrift,2024-2025,2025-02-08,2,488.156094794375
GRW_nodrift,2024-2025,2025-02-08,3,581.2360785995055
GRW_nodrift,2024-2025,2025-02-15,-1,58.31578821284102
GRW_nodrift,2024-2025,2025-02-15,0,289.1865256333382
GRW_nodrift,2024-2025,2025-02-15,1,558.4518599342053
GRW_nodrift,2024-2025,2025-02-15,2,659.2563460382116
GRW_nodrift,2024-2025,2025-02-15,3,773.3315682293057
GRW_nodrift,2024-2025,2025-02-22,-1,43.40029514224683
GRW_nodrift,2024-2025,2025-02-22,0,251.97893027923442
GRW_nodrift,2024-2025,2025-02-22,1,338.41983407896765
GRW_nodrift,2024-2025,2025-02-22,2,448.54357060813555
GRW_nodrift,2024-2025,2025-02-22,3,538.85489485439
GRW_nodrift,2024-2025,2025-03-01,-1,30.438130483196087
GRW_nodrift,2024-2025,2025-03-01,0,103.73565447323416
GRW_nodrift,2024-2025,2025-03-01,1,187.64275274159485
GRW_nodrift,2024-2025,2025-03-01,2,264.92808582706624
GRW_nodrift,2024-2025,2025-03-01,3,381.6857851431782
GRW_nodrift,2024-2025,2025-03-08,-1,25.465346637169308
GRW_nodrift,2024-2025,2025-03-08,0,104.08328512360508
GRW_nodrift,2024-2025,2025-03-08,1,171.99600939494252
GRW_nodrift,2024-2025,2025-03-08,2,284.4759465392142
GRW_nodrift,2024-2025,2025-03-08,3,387.47561087056465
GRW_nodrift,2024-2025,2025-03-15,-1,21.04513728080286
GRW_nodrift,2024-2025,2025-03-15,0,80.06356026257724
GRW_nodrift,2024-2025,2025-03-15,1,176.4220219862992
GRW_nodrift,2024-2025,2025-03-15,2,276.56302271658535
GRW_nodrift,2024-2025,2025-03-15,3,329.4506112216598
GRW_nodrift,2024-2025,2025-03-22,-1,17.409694506743975
GRW_nodrift,2024-2025,2025-03-22,0,103.90048731573599
GRW_nodrift,2024-2025,2025-03-22,1,199.04063374509224
GRW_nodrift,2024-2025,2025-03-22,2,246.97828807552145
GRW_nodrift,2024-2025,2025-03-22,3,302.5854126262037
GRW_nodrift,2024-2025,2025-03-29,-1,11.981170575304823
GRW_nodrift,2024-2025,2025-03-29,0,79.76864225397611
GRW_nodrift,2024-2025,2025-03-29,1,121.94099621348232
GRW_nodrift,2024-2025,2025-03-29,2,173.79977090095946
GRW_nodrift,2024-2025,2025-03-29,3,216.7424515466912
GRW_nodrift,2024-2025,2025-04-05,-1,7.490957138665943
GRW_nodrift,2024-2025,2025-04-05,0,36.80933078290113
GRW_nodrift,2024-2025,2025-04-05,1,80.29028682806361
GRW_nodrift,2024-2025,2025-04-05,2,121.55687384503534
GRW_nodrift,2024-2025,2025-04-05,3,125.9086606842818
GRW_nodrift,2024-2025,2025-04-12,-1,5.542639499338221
GRW_nodrift,2024-2025,2025-04-12,0,38.90545688974108
GRW_nodrift,2024-2025,2025-04-12,1,76.3848229183552
GRW_nodrift,2024-2025,2025-04-12,2,80.6279349305379
GRW_nodrift,2024-2025,2025-04-12,3,74.9210731193187
GRW_drift,2014-2015,2014-11-15,-1,0.3722229527441271
GRW_drift,2014-2015,2014-11-15,0,1.4275257201570442
GRW_drift,2014-2015,2014-11-15,1,7.896235525446757
GRW_drift,2014-2015,2014-11-15,2,5.4819985248505345
GRW_drift,2014-2015,2014-11-15,3,12.599953453767123
GRW_drift,2014-2015,2014-11-22,-1,0.466015032252239
GRW_drift,2014-2015,2014-11-22,0,7.324579788124764
GRW_drift,2014-2015,2014-11-22,1,5.92185894456494
GRW_drift,2014-2015,2014-11-22,2,13.770742346388223
GRW_drift,2014-2015,2014-11-22,3,42.668542280479215
GRW_drift,2014-2015,2014-11-29,-1,0.21445074282335677
GRW_drift,2014-2015,2014-11-29,0,20.962383727624328
GRW_drift,2014-2015,2014-11-29,1,33.42687105667599
GRW_drift,2014-2015,2014-11-29,2,80.48938995145848
GRW_drift,2014-2015,2014-11-29,3,177.19326423052286
GRW_drift,2014-2015,2014-12-06,-1,1.0808088805383755
GRW_drift,2014-2015,2014-12-06,0,6.72482343990868
GRW_drift,2014-2015,2014-12-06,1,29.70413671270478
GRW_drift,2014-2015,2014-12-06,2,81.75645010507617
GRW_drift,2014-2015,2014-12-06,3,249.70662299159196
GRW_drift,2014-2015,2014-12-13,-1,1.9568867726914398
GRW_drift,2014-2015,2014-12-13,0,16.208525701465227
GRW_drift,2014-2015,2014-12-13,1,54.608466794802226
GRW_drift,2014-2015,2014-12-13,2,195.12473186586504
GRW_drift,2014-2015,2014-12-13,3,252.25137476226897
GRW_drift,2014-2015,2014-12-20,-1,4.8417333812757235
GRW_drift,2014-2015,2014-12-20,0,24.235994133066168
GRW_drift,2014-2015,2014-12-20,1,121.15742294753527
GRW_drift,2014-2015,2014-12-20,2,175.75006377100914
GRW_drift,2014-2015,2014-12-20,3,77.91257272634428
GRW_drift,2014-2015,2014-12-27,-1,10.874980745031184
GRW_drift,2014-2015,2014-12-27,0,68.61393548806078
GRW_drift,2014-2015,2014-12-27,1,122.65335400554711
GRW_drift,2014-2015,2014-12-27,2,55.382047468079016
GRW_drift,2014-2015,2014-12-27,3,85.02557524582967
GRW_drift,2014-2015,2015-01-03,-1,16.24895943989102
GRW_drift,2014-2015,2015-01-03,0,63.43421528262999
GRW_drift,2014-2015,2015-01-03,1,59.65587040151582
GRW_drift,2014-2015,2015-01-03,2,138.56247508965785
GRW_drift,2014-2015,2015-01-03,3,235.03912253088208
GRW_drift,2014-2015,2015-01-10,-1,19.959482380972663
GRW_drift,2014-2015,2015-01-10,0,74.01353618865903
GRW_drift,2014-2015,2015-01-10,1,203.77347210237755
GRW_drift,2014-2015,2015-01-10,2,332.5767385950206
GRW_drift,2014-2015,2015-01-10,3,525.0362293214026
GRW_drift,2014-2015,2015-01-17,-1,12.164711530796486
GRW_drift,2014-2015,2015-01-17,0,113.975221137167
GRW_drift,2014-2015,2015-01-17,1,206.20309781421645
GRW_drift,2014-2015,2015-01-17,2,364.8529731501551
GRW_drift,2014-2015,2015-01-17,3,455.4390748805505
GRW_drift,2014-2015,2015-01-24,-1,8.462245589472104
GRW_drift,2014-2015,2015-01-24,0,56.00967787132433
GRW_drift,2014-2015,2015-01-24,1,169.61447207216335
GRW_drift,2014-2015,2015-01-24,2,212.03034107476515
GRW_drift,2014-2015,2015-01-24,3,217.9628884559269
GRW_drift,2014-2015,2015-01-31,-1,6.94469997387543
GRW_drift,2014-2015,2015-01-31,0,93.2239583023321
GRW_drift,2014-2015,2015-01-31,1,124.65177235803418
GRW_drift,2014-2015,2015-01-31,2,127.55943530707253
GRW_drift,2014-2015,2015-01-31,3,143.49024059975932
GRW_drift,2014-2015,2015-02-07,-1,4.503343860278877
GRW_drift,2014-2015,2015-02-07,0,17.67100081895368
GRW_drift,2014-2015,2015-02-07,1,24.63496540192149
GRW_drift,2014-2015,2015-02-07,2,34.498577504827544
GRW_drift,2014-2015,2015-02-07,3,30.004762719006813
GRW_drift,2014-2015,2015-02-14,-1,4.518988599019536
GRW_drift,2014-2015,2015-02-14,0,13.54415491352385
GRW_drift,2014-2015,2015-02-14,1,21.2580276343188
GRW_drift,2014-2015,2015-02-14,2,19.853611493126497
GRW_drift,2014-2015,2015-02-14,3,27.493675576866526
GRW_drift,2014-2015,2015-02-21,-1,4.096761030883769
GRW_drift,2014-2015,2015-02-21,0,16.115890813392017
GRW_drift,2014-2015,2015-02-21,1,15.504923045223036
GRW_drift,2014-2015,2015-02-21,2,23.679041582353197
GRW_drift,2014-2015,2015-02-21,3,17.519996996392027
GRW_drift,2014-2015,2015-02-28,-1,3.4081317315507156
GRW_drift,2014-2015,2015-02-28,0,9.721015326092278
GRW_drift,2014-2015,2015-02-28,1,12.02997880975966
GRW_drift,2014-2015,2015-02-28,2,10.562319573538623
GRW_drift,2014-2015,2015-02-28,3,9.084447579130346
GRW_drift,2014-2015,2015-03-07,-1,3.243530938028826
GRW_drift,2014-2015,2015-03-07,0,15.441343392853351
GRW_drift,2014-2015,2015-03-07,1,10.888957153555403
GRW_drift,2014-2015,2015-03-07,2,9.263669497006903
GRW_drift,2014-2015,2015-03-07,3,10.601744516128932
GRW_drift,2014-2015,2015-03-14,-1,2.5371551931313996
GRW_drift,2014-2015,2015-03-14,0,7.162991965772367
GRW_drift,2014-2015,2015-03-14,1,6.356626437591261
GRW_drift,2014-2015,2015-03-14,2,5.861074328154408
GRW_drift,2014-2015,2015-03-14,3,4.748507002963337
GRW_drift,2014-2015,2015-03-21,-1,2.3308865755060424
GRW_drift,2014-2015,2015-03-21,0,4.364701394947915
GRW_drift,2014-2015,2015-03-21,1,5.674186964389401
GRW_drift,2014-2015,2015-03-21,2,4.471024965742966
GRW_drift,2014-2015,2015-03-21,3,12.60678939429363
GRW_drift,2014-2015,2015-03-28,-1,1.5661729639850166
GRW_drift,2014-2015,2015-03-28,0,4.262303138216691
GRW_drift,2014-2015,2015-03-28,1,3.884919293471704
GRW_drift,2014-2015,2015-03-28,2,12.734402165935913
GRW_drift,2014-2015,2015-03-28,3,3.2953051174153845
GRW_drift,2014-2015,2015-04-04,-1,1.4441496417413335
GRW_drift,2014-2015,2015-04-04,0,2.639004963679829
GRW_drift,2014-2015,2015-04-04,1,17.531232521803744
GRW_drift,2014-2015,2015-04-04,2,3.9217869841956596
GRW_drift,2014-2015,2015-04-04,3,2.410521307011674
GRW_drift,2014-2015,2015-04-11,-1,1.1523721871981614
GRW_drift,2014-2015,2015-04-11,0,18.82724088393233
GRW_drift,2014-2015,2015-04-11,1,3.6885176847707872
GRW_drift,2014-2015,2015-04-11,2,2.277419116300271
GRW_drift,2014-2015,2015-04-11,3,4.234951771496699
GRW_drift,2015-2016,2015-11-21,-1,0.5567923789518071
GRW_drift,2015-2016,2015-11-21,0,6.186372645935442
GRW_drift,2015-2016,2015-11-21,1,8.59167729236171
GRW_drift,2015-2016,2015-11-21,2,13.992794528216775
GRW_drift,2015-2016,2015-11-21,3,28.106818718074596
GRW_drift,2015-2016,2015-11-28,-1,0.41930676527564464
GRW_drift,2015-2016,2015-11-28,0,1.4576556525626818
GRW_drift,2015-2016,2015-11-28,1,3.773013352597234
GRW_drift,2015-2016,2015-11-28,2,10.13841055199658
GRW_drift,2015-2016,2015-11-28,3,26.11968477730754
GRW_drift,2015-2016,2015-12-05,-1,0.49196557513524203
GRW_drift,2015-2016,2015-12-05,0,3.4154294526442643
GRW_drift,2015-2016,2015-12-05,1,10.124886103006382
GRW_drift,2015-2016,2015-12-05,2,26.290540090531994
GRW_drift,2015-2016,2015-12-05,3,51.845917430665025
GRW_drift,2015-2016,2015-12-12,-1,0.5662910025398922
GRW_drift,2015-2016,2015-12-12,0,4.6284639899728095
GRW_drift,2015-2016,2015-12-12,1,15.788125750097542
GRW_drift,2015-2016,2015-12-12,2,32.492764186421844
GRW_drift,2015-2016,2015-12-12,3,28.25951287153137
GRW_drift,2015-2016,2015-12-19,-1,0.6893655374996093
GRW_drift,2015-2016,2015-12-19,0,7.69005462647053
GRW_drift,2015-2016,2015-12-19,1,18.138773677727265
GRW_drift,2015-2016,2015-12-19,2,13.365529153643143
GRW_drift,2015-2016,2015-12-19,3,13.892746240237072
GRW_drift,2015-2016,2015-12-26,-1,0.7280982644318053
GRW_drift,2015-2016,2015-12-26,0,4.636414642799901
GRW_drift,2015-2016,2015-12-26,1,3.429319256949789
GRW_drift,2015-2016,2015-12-26,2,4.18976162120162
GRW_drift,2015-2016,2015-12-26,3,7.5380960636052645
GRW_drift,2015-2016,2016-01-02,-1,0.5952652147520183
GRW_drift,2015-2016,2016-01-02,0,5.041483579411762
GRW_drift,2015-2016,2016-01-02,1,2.542287694977261
GRW_drift,2015-2016,2016-01-02,2,3.3665052425797173
GRW_drift,2015-2016,2016-01-02,3,3.9000999373911363
GRW_drift,2015-2016,2016-01-09,-1,0.951415736578802
GRW_drift,2015-2016,2016-01-09,0,2.8405280017694983
GRW_drift,2015-2016,2016-01-09,1,7.496590590527212
GRW_drift,2015-2016,2016-01-09,2,8.154887743077538
GRW_drift,2015-2016,2016-01-09,3,5.066935269193942
GRW_drift,2015-2016,2016-01-16,-1,0.6199522356270805
GRW_drift,2015-2016,2016-01-16,0,5.016065830291821
GRW_drift,2015-2016,2016-01-16,1,5.567884899093391
GRW_drift,2015-2016,2016-01-16,2,3.865647561671106
GRW_drift,2015-2016,2016-01-16,3,6.2250469153293215
GRW_drift,2015-2016,2016-01-23,-1,0.3926639487756758
GRW_drift,2015-2016,2016-01-23,0,1.1889517218414196
GRW_drift,2015-2016,2016-01-23,1,7.506296653668513
GRW_drift,2015-2016,2016-01-23,2,10.011212754984408
GRW_drift,2015-2016,2016-01-23,3,8.9972513229169
GRW_drift,2015-2016,2016-01-30,-1,0.41805822729912484
GRW_drift,2015-2016,2016-01-30,0,7.619565437372289
GRW_drift,2015-2016,2016-01-30,1,9.412284588882326
GRW_drift,2015-2016,2016-01-30,2,7.99028634481087
GRW_drift,2015-2016,2016-01-30,3,42.953100397659654
GRW_drift,2015-2016,2016-02-06,-1,1.0202719416667219
GRW_drift,2015-2016,2016-02-06,0,3.236948951113699
GRW_drift,2015-2016,2016-02-06,1,4.328778890326948
GRW_drift,2015-2016,2016-02-06,2,27.978054903707253
GRW_drift,2015-2016,2016-02-06,3,92.56289698683165
GRW_drift,2015-2016,2016-02-13,-1,1.1954013635091334
GRW_drift,2015-2016,2016-02-13,0,2.752335200292124
GRW_drift,2015-2016,2016-02-13,1,31.667154066965022
GRW_drift,2015-2016,2016-02-13,2,98.56163366008063
GRW_drift,2015-2016,2016-02-13,3,173.99901126358364
GRW_drift,2015-2016,2016-02-20,-1,1.1205344064549798
GRW_drift,2015-2016,2016-02-20,0,37.40637416902527
GRW_drift,2015-2016,2016-02-20,1,108.0624337889042
GRW_drift,2015-2016,2016-02-20,2,181.75650361533806
GRW_drift,2015-2016,2016-02-20,3,437.5704194434366
GRW_drift,2015-2016,2016-02-27,-1,2.3880350339972645
GRW_drift,2015-2016,2016-02-27,0,57.20796848758398
GRW_drift,2015-2016,2016-02-27,1,131.61480941608144
GRW_drift,2015-2016,2016-02-27,2,391.7533027850918
GRW_drift,2015-2016,2016-02-27,3,254.28430437358904
GRW_drift,2015-2016,2016-03-05,-1,4.660393536813981
GRW_drift,2015-2016,2016-03-05,0,59.415767462949766
GRW_drift,2015-2016,2016-03-05,1,304.699263597165
GRW_drift,2015-2016,2016-03-05,2,180.09862597345284
GRW_drift,2015-2016,2016-03-05,3,128.08107067376193
GRW_drift,2015-2016,2016-03-12,-1,6.699849799138812
GRW_drift,2015-2016,2016-03-12,0,219.96634415752672
GRW_drift,2015-2016,2016-03-12,1,116.30936560433409
GRW_drift,2015-2016,2016-03-12,2,81.21352126684751
GRW_drift,2015-2016,2016-03-12,3,81.4730363008124
GRW_drift,2015-2016,2016-03-19,-1,15.044956591278634
GRW_drift,2015-2016,2016-03-19,0,32.80349523874641
GRW_drift,2015-2016,2016-03-19,1,33.49310357185095
GRW_drift,2015-2016,2016-03-19,2,30.50590689318076
GRW_drift,2015-2016,2016-03-19,3,24.450109523111756
GRW_drift,2015-2016,2016-03-26,-1,11.023637167469891
GRW_drift,2015-2016,2016-03-26,0,22.033921121655982
GRW_drift,2015-2016,2016-03-26,1,26.40776956178787
GRW_drift,2015-2016,2016-03-26,2,20.020428570298296
GRW_drift,2015-2016,2016-03-26,3,29.27596702598876
GRW_drift,2015-2016,2016-04-02,-1,8.826157171375849
GRW_drift,2015-2016,2016-04-02,0,25.59434362521068
GRW_drift,2015-2016,2016-04-02,1,18.279692793061233
GRW_drift,2015-2016,2016-04-02,2,30.918418048504112
GRW_drift,2015-2016,2016-04-02,3,40.57515445889491
GRW_drift,2015-2016,2016-04-09,-1,7.463993442952516
GRW_drift,2015-2016,2016-04-09,0,12.4237998504792
GRW_drift,2015-2016,2016-04-09,1,23.003261408237286
GRW_drift,2015-2016,2016-04-09,2,34.4796441186115
GRW_drift,2015-2016,2016-04-09,3,25.376660445313266
GRW_drift,2016-2017,2016-11-19,-1,0.44512648197035776
GRW_drift,2016-2017,2016-11-19,0,6.890313108853991
GRW_drift,2016-2017,2016-11-19,1,3.15781998474087
GRW_drift,2016-2017,2016-11-19,2,6.589121059076057
GRW_drift,2016-2017,2016-11-19,3,8.017808962751804
GRW_drift,2016-2017,2016-11-26,-1,1.0785950442860461
GRW_drift,2016-2017,2016-11-26,0,9.942099325030194
GRW_drift,2016-2017,2016-11-26,1,8.394999192904683
GRW_drift,2016-2017,2016-11-26,2,28.539103874587354
GRW_drift,2016-2017,2016-11-26,3,41.01485280698767
GRW_drift,2016-2017,2016-12-03,-1,0.861784147817013
GRW_drift,2016-2017,2016-12-03,0,3.978889892742752
GRW_drift,2016-2017,2016-12-03,1,10.87399911296408
GRW_drift,2016-2017,2016-12-03,2,15.423305423726248
GRW_drift,2016-2017,2016-12-03,3,28.886785744110124
GRW_drift,2016-2017,2016-12-10,-1,1.4364290890577258
GRW_drift,2016-2017,2016-12-10,0,18.633944190597973
GRW_drift,2016-2017,2016-12-10,1,25.883303353742022
GRW_drift,2016-2017,2016-12-10,2,43.344375494049025
GRW_drift,2016-2017,2016-12-10,3,39.71125660342593
GRW_drift,2016-2017,2016-12-17,-1,1.317311191461544
GRW_drift,2016-2017,2016-12-17,0,5.076733256735135
GRW_drift,2016-2017,2016-12-17,1,12.989799584572763
GRW_drift,2016-2017,2016-12-17,2,34.92275468905935
GRW_drift,2016-2017,2016-12-17,3,42.721978544125584
GRW_drift,2016-2017,2016-12-24,-1,2.9189705149220173
GRW_drift,2016-2017,2016-12-24,0,10.021403543482243
GRW_drift,2016-2017,2016-12-24,1,24.397298504731275
GRW_drift,2016-2017,2016-12-24,2,31.13708492564239
GRW_drift,2016-2017,2016-12-24,3,32.15710346035546
GRW_drift,2016-2017,2016-12-31,-1,3.4059462361666646
GRW_drift,2016-2017,2016-12-31,0,24.303688563126094
GRW_drift,2016-2017,2016-12-31,1,33.368039661493185
GRW_drift,2016-2017,2016-12-31,2,34.85787535549494
GRW_drift,2016-2017,2016-12-31,3,34.0914340790963
GRW_drift,2016-2017,2017-01-07,-1,5.704931178663986
GRW_drift,2016-2017,2017-01-07,0,18.127810395927863
GRW_drift,2016-2017,2017-01-07,1,22.04702548241162
GRW_drift,2016-2017,2017-01-07,2,25.473058665408214
GRW_drift,2016-2017,2017-01-07,3,29.050039749853465
GRW_drift,2016-2017,2017-01-14,-1,4.819541801108773
GRW_drift,2016-2017,2017-01-14,0,13.297224001076298
GRW_drift,2016-2017,2017-01-14,1,20.825834107621993
GRW_drift,2016-2017,2017-01-14,2,33.90147080582375
GRW_drift,2016-2017,2017-01-14,3,41.50610093458839
GRW_drift,2016-2017,2017-01-21,-1,5.032563095676821
GRW_drift,2016-2017,2017-01-21,0,16.125322939894723
GRW_drift,2016-2017,2017-01-21,1,36.151008796591164
GRW_drift,2016-2017,2017-01-21,2,39.19991159064067
GRW_drift,2016-2017,2017-01-21,3,132.26210041244659
GRW_drift,2016-2017,2017-01-28,-1,5.605491197588691
GRW_drift,2016-2017,2017-01-28,0,28.87989180821128
GRW_drift,2016-2017,2017-01-28,1,31.429112155860693
GRW_drift,2016-2017,2017-01-28,2,141.03509247299692
GRW_drift,2016-2017,2017-01-28,3,282.18775895311114
GRW_drift,2016-2017,2017-02-04,-1,5.189245679093923
GRW_drift,2016-2017,2017-02-04,0,21.448227020562317
GRW_drift,2016-2017,2017-02-04,1,204.78483973990842
GRW_drift,2016-2017,2017-02-04,2,365.43937309347996
GRW_drift,2016-2017,2017-02-04,3,488.4407457616166
GRW_drift,2016-2017,2017-02-11,-1,6.82009718011176
GRW_drift,2016-2017,2017-02-11,0,201.79991038718626
GRW_drift,2016-2017,2017-02-11,1,364.4664294159379
GRW_drift,2016-2017,2017-02-11,2,483.8571556284929
GRW_drift,2016-2017,2017-02-11,3,284.1541265460854
GRW_drift,2016-2017,2017-02-18,-1,15.255237425540223
GRW_drift,2016-2017,2017-02-18,0,121.3128668529375
GRW_drift,2016-2017,2017-02-18,1,212.8821837825829
GRW_drift,2016-2017,2017-02-18,2,108.81087747406141
GRW_drift,2016-2017,2017-02-18,3,94.2438471693945
GRW_drift,2016-2017,2017-02-25,-1,20.394118904410558
GRW_drift,2016-2017,2017-02-25,0,100.87929466397884
GRW_drift,2016-2017,2017-02-25,1,65.17484285988766
GRW_drift,2016-2017,2017-02-25,2,75.00899947517003
GRW_drift,2016-2017,2017-02-25,3,70.58646150494546
GRW_drift,2016-2017,2017-03-04,-1,24.734919812692137
GRW_drift,2016-2017,2017-03-04,0,77.87654940132039
GRW_drift,2016-2017,2017-03-04,1,106.30643267492235
GRW_drift,2016-2017,2017-03-04,2,74.49959714666736
GRW_drift,2016-2017,2017-03-04,3,85.3843827929527
GRW_drift,2016-2017,2017-03-11,-1,17.25988230083176
GRW_drift,2016-2017,2017-03-11,0,52.51509743980989
GRW_drift,2016-2017,2017-03-11,1,51.358624554006546
GRW_drift,2016-2017,2017-03-11,2,99.53250864988894
GRW_drift,2016-2017,2017-03-11,3,107.51232226721424
GRW_drift,2016-2017,2017-03-18,-1,17.60616716525498
GRW_drift,2016-2017,2017-03-18,0,49.51300255777448
GRW_drift,2016-2017,2017-03-18,1,126.73541889332182
GRW_drift,2016-2017,2017-03-18,2,124.27691053095775
GRW_drift,2016-2017,2017-03-18,3,36.44150196236688
GRW_drift,2016-2017,2017-03-25,-1,15.22278919745671
GRW_drift,2016-2017,2017-03-25,0,96.6895807291858
GRW_drift,2016-2017,2017-03-25,1,104.99646617613942
GRW_drift,2016-2017,2017-03-25,2,29.9576009377983
GRW_drift,2016-2017,2017-03-25,3,19.552443626705248
GRW_drift,2016-2017,2017-04-01,-1,16.064139984242992
GRW_drift,2016-2017,2017-04-01,0,42.45750548395267
GRW_drift,2016-2017,2017-04-01,1,44.3665580633348
GRW_drift,2016-2017,2017-04-01,2,32.80221908256957
GRW_drift,2016-2017,2017-04-01,3,44.59264946197677
GRW_drift,2016-2017,2017-04-08,-1,16.126511066581603
GRW_drift,2016-2017,2017-04-08,0,52.727102800285984
GRW_drift,2016-2017,2017-04-08,1,40.12430197886284
GRW_drift,2016-2017,2017-04-08,2,57.32729192855081
GRW_drift,2016-2017,2017-04-08,3,63.25169463660175
GRW_drift,2017-2018,2017-11-18,-1,0.9831230265956651
GRW_drift,2017-2018,2017-11-18,0,3.8299214848165475
GRW_drift,2017-2018,2017-11-18,1,6.843692370100279
GRW_drift,2017-2018,2017-11-18,2,9.879577332536833
GRW_drift,2017-2018,2017-11-18,3,17.891853005285263
GRW_drift,2017-2018,2017-11-25,-1,1.7623911021243153
GRW_drift,2017-2018,2017-11-25,0,9.510066972693034
GRW_drift,2017-2018,2017-11-25,1,10.96965974410578
GRW_drift,2017-2018,2017-11-25,2,25.217860145929702
GRW_drift,2017-2018,2017-11-25,3,53.67079923715804
GRW_drift,2017-2018,2017-12-02,-1,1.7495083206484485
GRW_drift,2017-2018,2017-12-02,0,5.92643242208677
GRW_drift,2017-2018,2017-12-02,1,13.345581787897423
GRW_drift,2017-2018,2017-12-02,2,32.5483630119868
GRW_drift,2017-2018,2017-12-02,3,46.838634108792924
GRW_drift,2017-2018,2017-12-09,-1,2.8298780867497553
GRW_drift,2017-2018,2017-12-09,0,16.67223673443231
GRW_drift,2017-2018,2017-12-09,1,41.209512577575985
GRW_drift,2017-2018,2017-12-09,2,52.15432722191666
GRW_drift,2017-2018,2017-12-09,3,59.317904474185575
GRW_drift,2017-2018,2017-12-16,-1,3.1180156107845676
GRW_drift,2017-2018,2017-12-16,0,18.31432143916748
GRW_drift,2017-2018,2017-12-16,1,27.550553168439862
GRW_drift,2017-2018,2017-12-16,2,60.73799405461177
GRW_drift,2017-2018,2017-12-16,3,146.0657230190482
GRW_drift,2017-2018,2017-12-23,-1,4.734636916877906
GRW_drift,2017-2018,2017-12-23,0,27.387520261082905
GRW_drift,2017-2018,2017-12-23,1,79.53049843273455
GRW_drift,2017-2018,2017-12-23,2,184.59060229758012
GRW_drift,2017-2018,2017-12-23,3,404.15370183125265
GRW_drift,2017-2018,2017-12-30,-1,7.204852802311842
GRW_drift,2017-2018,2017-12-30,0,44.52706745250945
GRW_drift,2017-2018,2017-12-30,1,145.63941913953516
GRW_drift,2017-2018,2017-12-30,2,356.90344298731327
GRW_drift,2017-2018,2017-12-30,3,417.9611172166503
GRW_drift,2017-2018,2018-01-06,-1,12.230482526646945
GRW_drift,2017-2018,2018-01-06,0,115.48606188093032
GRW_drift,2017-2018,2018-01-06,1,330.1896922372575
GRW_drift,2017-2018,2018-01-06,2,374.55211247153807
GRW_drift,2017-2018,2018-01-06,3,335.47701743251304
GRW_drift,2017-2018,2018-01-13,-1,14.066976247946563
GRW_drift,2017-2018,2018-01-13,0,184.677468316558
GRW_drift,2017-2018,2018-01-13,1,222.29349921942932
GRW_drift,2017-2018,2018-01-13,2,174.4901007935334
GRW_drift,2017-2018,2018-01-13,3,195.92562861625538
GRW_drift,2017-2018,2018-01-20,-1,22.400557876512682
GRW_drift,2017-2018,2018-01-20,0,70.80839969880336
GRW_drift,2017-2018,2018-01-20,1,129.64522205689076
GRW_drift,2017-2018,2018-01-20,2,203.71657647544134
GRW_drift,2017-2018,2018-01-20,3,211.04172369914477
GRW_drift,2017-2018,2018-01-27,-1,27.93290375058996
GRW_drift,2017-2018,2018-01-27,0,110.3469028145409
GRW_drift,2017-2018,2018-01-27,1,190.17608364796274
GRW_drift,2017-2018,2018-01-27,2,189.2233625941691
GRW_drift,2017-2018,2018-01-27,3,256.7304139004059
GRW_drift,2017-2018,2018-02-03,-1,30.17246988788343
GRW_drift,2017-2018,2018-02-03,0,108.6802380981239
GRW_drift,2017-2018,2018-02-03,1,137.04409980881107
GRW_drift,2017-2018,2018-02-03,2,194.62511951969694
GRW_drift,2017-2018,2018-02-03,3,419.4171317917895
GRW_drift,2017-2018,2018-02-10,-1,30.799284898890356
GRW_drift,2017-2018,2018-02-10,0,102.34642344125704
GRW_drift,2017-2018,2018-02-10,1,130.95578304870264
GRW_drift,2017-2018,2018-02-10,2,327.52009937042726
GRW_drift,2017-2018,2018-02-10,3,397.0539990061156
GRW_drift,2017-2018,2018-02-17,-1,35.657556613246875
GRW_drift,2017-2018,2018-02-17,0,128.93695228403138
GRW_drift,2017-2018,2018-02-17,1,433.24816996831015
GRW_drift,2017-2018,2018-02-17,2,500.0164061977448
GRW_drift,2017-2018,2018-02-17,3,508.82813597806944
GRW_drift,2017-2018,2018-02-24,-1,31.038907503323582
GRW_drift,2017-2018,2018-02-24,0,323.459069319988
GRW_drift,2017-2018,2018-02-24,1,401.20481526816474
GRW_drift,2017-2018,2018-02-24,2,415.904092750427
GRW_drift,2017-2018,2018-02-24,3,235.4736783592962
GRW_drift,2017-2018,2018-03-03,-1,16.38543235261666
GRW_drift,2017-2018,2018-03-03,0,84.07012266932466
GRW_drift,2017-2018,2018-03-03,1,122.30522188217573
GRW_drift,2017-2018,2018-03-03,2,52.91117414927042
GRW_drift,2017-2018,2018-03-03,3,40.88415144956719
GRW_drift,2017-2018,2018-03-10,-1,9.301018453477555
GRW_drift,2017-2018,2018-03-10,0,41.13927377991531
GRW_drift,2017-2018,2018-03-10,1,26.153405114652642
GRW_drift,2017-2018,2018-03-10,2,35.384074745241065
GRW_drift,2017-2018,2018-03-10,3,50.62537829184208
GRW_drift,2017-2018,2018-03-17,-1,7.231684958834939
GRW_drift,2017-2018,2018-03-17,0,39.54069955055497
GRW_drift,2017-2018,2018-03-17,1,57.661233839643984
GRW_drift,2017-2018,2018-03-17,2,76.67043985011246
GRW_drift,2017-2018,2018-03-17,3,71.39561665177845
GRW_drift,2017-2018,2018-03-24,-1,7.408093972908294
GRW_drift,2017-2018,2018-03-24,0,27.816743760980575
GRW_drift,2017-2018,2018-03-24,1,48.98517876033092
GRW_drift,2017-2018,2018-03-24,2,50.75851258122481
GRW_drift,2017-2018,2018-03-24,3,26.84523604519854
GRW_drift,2017-2018,2018-03-31,-1,6.990386326059177
GRW_drift,2017-2018,2018-03-31,0,27.958863636269918
GRW_drift,2017-2018,2018-03-31,1,32.440125928038405
GRW_drift,2017-2018,2018-03-31,2,18.019147018932838
GRW_drift,2017-2018,2018-03-31,3,13.553557175371992
GRW_drift,2017-2018,2018-04-07,-1,8.148184643181867
GRW_drift,2017-2018,2018-04-07,0,22.236043376799284
GRW_drift,2017-2018,2018-04-07,1,12.58712453778111
GRW_drift,2017-2018,2018-04-07,2,10.982374766396017
GRW_drift,2017-2018,2018-04-07,3,10.447607491958317
GRW_drift,2017-2018,2018-04-14,-1,7.556058095191237
GRW_drift,2017-2018,2018-04-14,0,9.18863320491903
GRW_drift,2017-2018,2018-04-14,1,11.477511046019691
GRW_drift,2017-2018,2018-04-14,2,11.452672870138175
GRW_drift,2017-2018,2018-04-14,3,11.99594059919081
GRW_drift,2018-2019,2018-11-17,-1,1.3182158492610025
GRW_drift,2018-2019,2018-11-17,0,7.986264630903666
GRW_drift,2018-2019,2018-11-17,1,9.70687204908433
GRW_drift,2018-2019,2018-11-17,2,20.168128471078177
GRW_drift,2018-2019,2018-11-17,3,36.79747945364953
GRW_drift,2018-2019,2018-11-24,-1,1.2019920314954042
GRW_drift,2018-2019,2018-11-24,0,5.06435071001672
GRW_drift,2018-2019,2018-11-24,1,8.006604601363419
GRW_drift,2018-2019,2018-11-24,2,16.29531777127803
GRW_drift,2018-2019,2018-11-24,3,28.3900641832589
GRW_drift,2018-2019,2018-12-01,-1,1.8955469602656714
GRW_drift,2018-2019,2018-12-01,0,9.887011035034485
GRW_drift,2018-2019,2018-12-01,1,24.433669610512858
GRW_drift,2018-2019,2018-12-01,2,39.97195102209865
GRW_drift,2018-2019,2018-12-01,3,101.20057525553298
GRW_drift,2018-2019,2018-12-08,-1,2.022398373889403
GRW_drift,2018-2019,2018-12-08,0,11.42625346997792
GRW_drift,2018-2019,2018-12-08,1,21.888534441846648
GRW_drift,2018-2019,2018-12-08,2,61.945239723075225
GRW_drift,2018-2019,2018-12-08,3,72.77069170263633
GRW_drift,2018-2019,2018-12-15,-1,2.1320472730288476
GRW_drift,2018-2019,2018-12-15,0,9.1536241025159
GRW_drift,2018-2019,2018-12-15,1,30.764977943338703
GRW_drift,2018-2019,2018-12-15,2,40.46392601231425
GRW_drift,2018-2019,2018-12-15,3,37.93853862563943
GRW_drift,2018-2019,2018-12-22,-1,4.6758195920941805
GRW_drift,2018-2019,2018-12-22,0,25.910995854980747
GRW_drift,2018-2019,2018-12-22,1,29.643229659120607
GRW_drift,2018-2019,2018-12-22,2,29.413111937513655
GRW_drift,2018-2019,2018-12-22,3,27.513963100703346
GRW_drift,2018-2019,2018-12-29,-1,4.8614028993248635
GRW_drift,2018-2019,2018-12-29,0,21.767739089757022
GRW_drift,2018-2019,2018-12-29,1,33.688773085016635
GRW_drift,2018-2019,2018-12-29,2,25.88158095380855
GRW_drift,2018-2019,2018-12-29,3,44.390357654667596
GRW_drift,2018-2019,2019-01-05,-1,7.134249859011641
GRW_drift,2018-2019,2019-01-05,0,23.223887630227143
GRW_drift,2018-2019,2019-01-05,1,20.090366231509584
GRW_drift,2018-2019,2019-01-05,2,34.572417449501884
GRW_drift,2018-2019,2019-01-05,3,85.45805448006178
GRW_drift,2018-2019,2019-01-12,-1,6.5939080499000235
GRW_drift,2018-2019,2019-01-12,0,18.778634026057226
GRW_drift,2018-2019,2019-01-12,1,27.341427326212614
GRW_drift,2018-2019,2019-01-12,2,59.8008824921934
GRW_drift,2018-2019,2019-01-12,3,150.10527357171858
GRW_drift,2018-2019,2019-01-19,-1,5.5368673053358295
GRW_drift,2018-2019,2019-01-19,0,22.024311389594754
GRW_drift,2018-2019,2019-01-19,1,66.43305172120442
GRW_drift,2018-2019,2019-01-19,2,181.38006304106116
GRW_drift,2018-2019,2019-01-19,3,446.8588424261173
GRW_drift,2018-2019,2019-01-26,-1,7.580898355227376
GRW_drift,2018-2019,2019-01-26,0,44.44455363453566
GRW_drift,2018-2019,2019-01-26,1,139.27495783760193
GRW_drift,2018-2019,2019-01-26,2,382.024593001829
GRW_drift,2018-2019,2019-01-26,3,266.71688521050083
GRW_drift,2018-2019,2019-02-02,-1,10.336039221394653
GRW_drift,2018-2019,2019-02-02,0,85.57176905696971
GRW_drift,2018-2019,2019-02-02,1,328.2820046129293
GRW_drift,2018-2019,2019-02-02,2,216.39041410925725
GRW_drift,2018-2019,2019-02-02,3,142.25546244344483
GRW_drift,2018-2019,2019-02-09,-1,16.783054115608223
GRW_drift,2018-2019,2019-02-09,0,198.51611355400286
GRW_drift,2018-2019,2019-02-09,1,115.07409531894771
GRW_drift,2018-2019,2019-02-09,2,97.12944318236907
GRW_drift,2018-2019,2019-02-09,3,100.3162686088604
GRW_drift,2018-2019,2019-02-16,-1,29.594458619607565
GRW_drift,2018-2019,2019-02-16,0,94.00915916957518
GRW_drift,2018-2019,2019-02-16,1,173.7552424517285
GRW_drift,2018-2019,2019-02-16,2,145.19787221616866
GRW_drift,2018-2019,2019-02-16,3,197.46544898879557
GRW_drift,2018-2019,2019-02-23,-1,24.689992351138926
GRW_drift,2018-2019,2019-02-23,0,83.93502934681582
GRW_drift,2018-2019,2019-02-23,1,83.04032608276768
GRW_drift,2018-2019,2019-02-23,2,123.87128791548318
GRW_drift,2018-2019,2019-02-23,3,78.62403588812599
GRW_drift,2018-2019,2019-03-02,-1,20.348984041222383
GRW_drift,2018-2019,2019-03-02,0,57.687047068513394
GRW_drift,2018-2019,2019-03-02,1,71.91014217345752
GRW_drift,2018-2019,2019-03-02,2,61.06403184245142
GRW_drift,2018-2019,2019-03-02,3,54.39835197694965
GRW_drift,2018-2019,2019-03-09,-1,19.406241030871428
GRW_drift,2018-2019,2019-03-09,0,77.7558449087033
GRW_drift,2018-2019,2019-03-09,1,52.14790368694154
GRW_drift,2018-2019,2019-03-09,2,52.588702500841535
GRW_drift,2018-2019,2019-03-09,3,45.691057544290445
GRW_drift,2018-2019,2019-03-16,-1,14.900384291399973
GRW_drift,2018-2019,2019-03-16,0,59.80703797555377
GRW_drift,2018-2019,2019-03-16,1,31.34280652146448
GRW_drift,2018-2019,2019-03-16,2,44.341816725786956
GRW_drift,2018-2019,2019-03-16,3,65.73233476500627
GRW_drift,2018-2019,2019-03-23,-1,14.065281097204352
GRW_drift,2018-2019,2019-03-23,0,31.463646212511605
GRW_drift,2018-2019,2019-03-23,1,30.728939194566205
GRW_drift,2018-2019,2019-03-23,2,41.515593485842835
GRW_drift,2018-2019,2019-03-23,3,35.127056234787446
GRW_drift,2018-2019,2019-03-30,-1,8.902160767114538
GRW_drift,2018-2019,2019-03-30,0,28.15478295413009
GRW_drift,2018-2019,2019-03-30,1,55.942584186135214
GRW_drift,2018-2019,2019-03-30,2,44.23502100079888
GRW_drift,2018-2019,2019-03-30,3,16.6061688319243
GRW_drift,2018-2019,2019-04-06,-1,9.463607457125349
GRW_drift,2018-2019,2019-04-06,0,40.12887513659563
GRW_drift,2018-2019,2019-04-06,1,35.21231460742873
GRW_drift,2018-2019,2019-04-06,2,14.797376274542131
GRW_drift,2018-2019,2019-04-06,3,19.954536057697762
GRW_drift,2018-2019,2019-04-13,-1,11.285279901039644
GRW_drift,2018-2019,2019-04-13,0,17.910899876906306
GRW_drift,2018-2019,2019-04-13,1,22.52091090455099
GRW_drift,2018-2019,2019-04-13,2,33.52600247470468
GRW_drift,2018-2019,2019-04-13,3,24.552791042815077
GRW_drift,2019-2020,2019-11-16,-1,0.9274064162502006
GRW_drift,2019-2020,2019-11-16,0,8.858962861307354
GRW_drift,2019-2020,2019-11-16,1,6.289614288205422
GRW_drift,2019-2020,2019-11-16,2,11.632069847200034
GRW_drift,2019-2020,2019-11-16,3,14.444049404021518
GRW_drift,2019-2020,2019-11-23,-1,1.9685140736948503
GRW_drift,2019-2020,2019-11-23,0,17.396849726940893
GRW_drift,2019-2020,2019-11-23,1,14.208397423285936
GRW_drift,2019-2020,2019-11-23,2,26.005367285218938
GRW_drift,2019-2020,2019-11-23,3,38.690114821591834
GRW_drift,2019-2020,2019-11-30,-1,1.7466814417408507
GRW_drift,2019-2020,2019-11-30,0,8.18283229807473
GRW_drift,2019-2020,2019-11-30,1,10.243026392332991
GRW_drift,2019-2020,2019-11-30,2,19.32755111942335
GRW_drift,2019-2020,2019-11-30,3,47.98694004742374
GRW_drift,2019-2020,2019-12-07,-1,2.57766759530322
GRW_drift,2019-2020,2019-12-07,0,12.441563403122947
GRW_drift,2019-2020,2019-12-07,1,20.209338294847466
GRW_drift,2019-2020,2019-12-07,2,71.01987468707905
GRW_drift,2019-2020,2019-12-07,3,79.54264428073957
GRW_drift,2019-2020,2019-12-14,-1,3.574041622806402
GRW_drift,2019-2020,2019-12-14,0,11.510444475251486
GRW_drift,2019-2020,2019-12-14,1,45.42174629616918
GRW_drift,2019-2020,2019-12-14,2,57.71139769743916
GRW_drift,2019-2020,2019-12-14,3,83.16255740459425
GRW_drift,2019-2020,2019-12-21,-1,7.4693234821831185
GRW_drift,2019-2020,2019-12-21,0,59.64904861638729
GRW_drift,2019-2020,2019-12-21,1,53.4190908461081
GRW_drift,2019-2020,2019-12-21,2,72.4973103306225
GRW_drift,2019-2020,2019-12-21,3,52.423032425709785
GRW_drift,2019-2020,2019-12-28,-1,6.855398679775501
GRW_drift,2019-2020,2019-12-28,0,42.03340102096753
GRW_drift,2019-2020,2019-12-28,1,124.06112148329882
GRW_drift,2019-2020,2019-12-28,2,60.37690830290776
GRW_drift,2019-2020,2019-12-28,3,50.85356594833045
GRW_drift,2019-2020,2020-01-04,-1,10.701141072071218
GRW_drift,2019-2020,2020-01-04,0,87.521684951282
GRW_drift,2019-2020,2020-01-04,1,41.755378939295014
GRW_drift,2019-2020,2020-01-04,2,42.59455415090133
GRW_drift,2019-2020,2020-01-04,3,64.88819533904281
GRW_drift,2019-2020,2020-01-11,-1,14.387502072984422
GRW_drift,2019-2020,2020-01-11,0,42.92025280672156
GRW_drift,2019-2020,2020-01-11,1,73.69784894259823
GRW_drift,2019-2020,2020-01-11,2,77.2316679846243
GRW_drift,2019-2020,2020-01-11,3,105.85823420134516
GRW_drift,2019-2020,2020-01-18,-1,9.992945093077132
GRW_drift,2019-2020,2020-01-18,0,35.49288789142366
GRW_drift,2019-2020,2020-01-18,1,49.45109431616611
GRW_drift,2019-2020,2020-01-18,2,85.19580011512028
GRW_drift,2019-2020,2020-01-18,3,136.7123488600646
GRW_drift,2019-2020,2020-01-25,-1,9.288818728070822
GRW_drift,2019-2020,2020-01-25,0,38.97308538010511
GRW_drift,2019-2020,2020-01-25,1,90.81417611123318
GRW_drift,2019-2020,2020-01-25,2,159.28256279111952
GRW_drift,2019-2020,2020-01-25,3,94.59467828420985
GRW_drift,2019-2020,2020-02-01,-1,13.204197605168439
GRW_drift,2019-2020,2020-02-01,0,60.08052210586551
GRW_drift,2019-2020,2020-02-01,1,114.45097239745849
GRW_drift,2019-2020,2020-02-01,2,79.70342579046232
GRW_drift,2019-2020,2020-02-01,3,90.51026404751737
GRW_drift,2019-2020,2020-02-08,-1,17.979195805068585
GRW_drift,2019-2020,2020-02-08,0,69.40304810763634
GRW_drift,2019-2020,2020-02-08,1,90.80703913014626
GRW_drift,2019-2020,2020-02-08,2,119.8781232054044
GRW_drift,2019-2020,2020-02-08,3,108.93400161947638
GRW_drift,2019-2020,2020-02-15,-1,23.29998912208314
GRW_drift,2019-2020,2020-02-15,0,115.37341205085603
GRW_drift,2019-2020,2020-02-15,1,139.2828175016919
GRW_drift,2019-2020,2020-02-15,2,108.86048063523701
GRW_drift,2019-2020,2020-02-15,3,111.82104677237481
GRW_drift,2019-2020,2020-02-22,-1,17.147912729683117
GRW_drift,2019-2020,2020-02-22,0,55.921743676595305
GRW_drift,2019-2020,2020-02-22,1,60.36868587994254
GRW_drift,2019-2020,2020-02-22,2,72.88120828089798
GRW_drift,2019-2020,2020-02-22,3,70.21295546000025
GRW_drift,2019-2020,2020-02-29,-1,16.133602333273792
GRW_drift,2019-2020,2020-02-29,0,45.86507483589911
GRW_drift,2019-2020,2020-02-29,1,60.44766240721255
GRW_drift,2019-2020,2020-02-29,2,58.87358587154258
GRW_drift,2019-2020,2020-02-29,3,48.880305324277465
GRW_drift,2019-2020,2020-03-07,-1,14.54401539962081
GRW_drift,2019-2020,2020-03-07,0,43.14197584215764
GRW_drift,2019-2020,2020-03-07,1,46.51186025970385
GRW_drift,2019-2020,2020-03-07,2,54.91431762308301
GRW_drift,2019-2020,2020-03-07,3,139.48126621612823
GRW_drift,2019-2020,2020-03-14,-1,15.27522444568478
GRW_drift,2019-2020,2020-03-14,0,34.78072523690774
GRW_drift,2019-2020,2020-03-14,1,61.31954121651204
GRW_drift,2019-2020,2020-03-14,2,158.02216286851672
GRW_drift,2019-2020,2020-03-14,3,130.6635180094129
GRW_drift,2019-2020,2020-03-21,-1,12.464901770802362
GRW_drift,2019-2020,2020-03-21,0,52.556285535650694
GRW_drift,2019-2020,2020-03-21,1,154.28120041064466
GRW_drift,2019-2020,2020-03-21,2,128.76492174417243
GRW_drift,2019-2020,2020-03-21,3,87.6362443059307
GRW_drift,2019-2020,2020-03-28,-1,6.4734466908940895
GRW_drift,2019-2020,2020-03-28,0,98.81560982856546
GRW_drift,2019-2020,2020-03-28,1,76.2725630692657
GRW_drift,2019-2020,2020-03-28,2,53.39551405377258
GRW_drift,2019-2020,2020-03-28,3,36.02676043129662
GRW_drift,2019-2020,2020-04-04,-1,1.9432811345925278
GRW_drift,2019-2020,2020-04-04,0,4.904991295153979
GRW_drift,2019-2020,2020-04-04,1,6.571961843178354
GRW_drift,2019-2020,2020-04-04,2,5.261111915571671
GRW_drift,2019-2020,2020-04-04,3,2.9681945693396696
GRW_drift,2019-2020,2020-04-11,-1,1.599278945824421
GRW_drift,2019-2020,2020-04-11,0,2.9565335729244664
GRW_drift,2019-2020,2020-04-11,1,2.9267067768716184
GRW_drift,2019-2020,2020-04-11,2,2.4980164134717837
GRW_drift,2019-2020,2020-04-11,3,6.353575203406049
GRW_drift,2023-2024,2023-11-18,-1,3.836088255562754
GRW_drift,2023-2024,2023-11-18,0,15.290801732136453
GRW_drift,2023-2024,2023-11-18,1,29.02794035638748
GRW_drift,2023-2024,2023-11-18,2,49.19331107926683
GRW_drift,2023-2024,2023-11-18,3,96.01619494679043
GRW_drift,2023-2024,2023-11-25,-1,6.600149164173818
GRW_drift,2023-2024,2023-11-25,0,21.36169284815457
GRW_drift,2023-2024,2023-11-25,1,37.32169729600021
GRW_drift,2023-2024,2023-11-25,2,73.67611630323704
GRW_drift,2023-2024,2023-11-25,3,118.28499919669873
GRW_drift,2023-2024,2023-12-02,-1,7.9555635651654715
GRW_drift,2023-2024,2023-12-02,0,28.425789881784567
GRW_drift,2023-2024,2023-12-02,1,66.27432643545448
GRW_drift,2023-2024,2023-12-02,2,100.94496873753059
GRW_drift,2023-2024,2023-12-02,3,201.62679649170678
GRW_drift,2023-2024,2023-12-09,-1,12.694982590023638
GRW_drift,2023-2024,2023-12-09,0,39.140361424131555
GRW_drift,2023-2024,2023-12-09,1,88.21497713571004
GRW_drift,2023-2024,2023-12-09,2,208.4288206466216
GRW_drift,2023-2024,2023-12-09,3,302.3198635350174
GRW_drift,2023-2024,2023-12-16,-1,23.081313968592504
GRW_drift,2023-2024,2023-12-16,0,105.34386140896423
GRW_drift,2023-2024,2023-12-16,1,260.29562346219143
GRW_drift,2023-2024,2023-12-16,2,347.8667417312801
GRW_drift,2023-2024,2023-12-16,3,467.3462027544542
GRW_drift,2023-2024,2023-12-23,-1,37.72673874793307
GRW_drift,2023-2024,2023-12-23,0,140.69337650779218
GRW_drift,2023-2024,2023-12-23,1,234.89175768642593
GRW_drift,2023-2024,2023-12-23,2,325.8356726632613
GRW_drift,2023-2024,2023-12-23,3,475.2400913584502
GRW_drift,2023-2024,2023-12-30,-1,46.45153102702536
GRW_drift,2023-2024,2023-12-30,0,154.56477808127443
GRW_drift,2023-2024,2023-12-30,1,249.7999299011021
GRW_drift,2023-2024,2023-12-30,2,417.5553197884064
GRW_drift,2023-2024,2023-12-30,3,768.3701107234062
GRW_drift,2023-2024,2024-01-06,-1,53.9832455264532
GRW_drift,2023-2024,2024-01-06,0,224.89644371557287
GRW_drift,2023-2024,2024-01-06,1,406.28863650854055
GRW_drift,2023-2024,2024-01-06,2,742.9510004649817
GRW_drift,2023-2024,2024-01-06,3,1052.556595244444
GRW_drift,2023-2024,2024-01-13,-1,34.86527001139388
GRW_drift,2023-2024,2024-01-13,0,192.25374792308898
GRW_drift,2023-2024,2024-01-13,1,499.8272181465097
GRW_drift,2023-2024,2024-01-13,2,754.7534023878419
GRW_drift,2023-2024,2024-01-13,3,1107.4139344690425
GRW_drift,2023-2024,2024-01-20,-1,23.397034751145398
GRW_drift,2023-2024,2024-01-20,0,239.28621654198773
GRW_drift,2023-2024,2024-01-20,1,395.25303474978426
GRW_drift,2023-2024,2024-01-20,2,688.8247448837245
GRW_drift,2023-2024,2024-01-20,3,699.6427028067839
GRW_drift,2023-2024,2024-01-27,-1,17.29936171769842
GRW_drift,2023-2024,2024-01-27,0,105.10967505457748
GRW_drift,2023-2024,2024-01-27,1,292.7204136275784
GRW_drift,2023-2024,2024-01-27,2,305.1225080527826
GRW_drift,2023-2024,2024-01-27,3,309.28136325586445
GRW_drift,2023-2024,2024-02-03,-1,15.226165474637718
GRW_drift,2023-2024,2024-02-03,0,148.03798792405655
GRW_drift,2023-2024,2024-02-03,1,170.7700786985113
GRW_drift,2023-2024,2024-02-03,2,191.25063935239393
GRW_drift,2023-2024,2024-02-03,3,173.30378445750475
GRW_drift,2023-2024,2024-02-10,-1,11.265830313908934
GRW_drift,2023-2024,2024-02-10,0,34.046081960875384
GRW_drift,2023-2024,2024-02-10,1,49.909620291251116
GRW_drift,2023-2024,2024-02-10,2,49.119979117939614
GRW_drift,2023-2024,2024-02-10,3,50.13188285637778
GRW_drift,2023-2024,2024-02-17,-1,9.398618913563066
GRW_drift,2023-2024,2024-02-17,0,27.616544368066634
GRW_drift,2023-2024,2024-02-17,1,37.41025016893348
GRW_drift,2023-2024,2024-02-17,2,36.38570459928319
GRW_drift,2023-2024,2024-02-17,3,40.66110822128123
GRW_drift,2023-2024,2024-02-24,-1,7.928155997365741
GRW_drift,2023-2024,2024-02-24,0,29.230971735350135
GRW_drift,2023-2024,2024-02-24,1,30.474593770626893
GRW_drift,2023-2024,2024-02-24,2,29.169606160286616
GRW_drift,2023-2024,2024-02-24,3,24.42274039135456
GRW_drift,2023-2024,2024-03-02,-1,9.15176572199122
GRW_drift,2023-2024,2024-03-02,0,21.898685535511095
GRW_drift,2023-2024,2024-03-02,1,34.42760742703546
GRW_drift,2023-2024,2024-03-02,2,36.232106287365426
GRW_drift,2023-2024,2024-03-02,3,26.714952374726785
GRW_drift,2023-2024,2024-03-09,-1,7.413734162681172
GRW_drift,2023-2024,2024-03-09,0,22.78434487690388
GRW_drift,2023-2024,2024-03-09,1,26.937115999578804
GRW_drift,2023-2024,2024-03-09,2,19.88443476339552
GRW_drift,2023-2024,2024-03-09,3,26.726231016562565
GRW_drift,2023-2024,2024-03-16,-1,7.134432907121614
GRW_drift,2023-2024,2024-03-16,0,15.25352458127836
GRW_drift,2023-2024,2024-03-16,1,13.381560499630648
GRW_drift,2023-2024,2024-03-16,2,29.026895617611608
GRW_drift,2023-2024,2024-03-16,3,29.31362659035545
GRW_drift,2023-2024,2024-03-23,-1,4.125310380053175
GRW_drift,2023-2024,2024-03-23,0,11.357799217213081
GRW_drift,2023-2024,2024-03-23,1,39.12546338462788
GRW_drift,2023-2024,2024-03-23,2,36.91660923502878
GRW_drift,2023-2024,2024-03-23,3,36.655053853990836
GRW_drift,2023-2024,2024-03-30,-1,3.474317759192771
GRW_drift,2023-2024,2024-03-30,0,30.782948789380605
GRW_drift,2023-2024,2024-03-30,1,30.265537942807203
GRW_drift,2023-2024,2024-03-30,2,31.68874210617704
GRW_drift,2023-2024,2024-03-30,3,10.588306312253339
GRW_drift,2023-2024,2024-04-06,-1,5.168855152136444
GRW_drift,2023-2024,2024-04-06,0,13.238631607554668
GRW_drift,2023-2024,2024-04-06,1,17.7419347268375
GRW_drift,2023-2024,2024-04-06,2,7.735118815995025
GRW_drift,2023-2024,2024-04-06,3,10.873311541139985
GRW_drift,2023-2024,2024-04-13,-1,5.149145055966468
GRW_drift,2023-2024,2024-04-13,0,14.665699198389545
GRW_drift,2023-2024,2024-04-13,1,6.900356002066805
GRW_drift,2023-2024,2024-04-13,2,9.231019335351778
GRW_drift,2023-2024,2024-04-13,3,12.814263173513995
GRW_drift,2024-2025,2024-11-16,-1,1.4397726600189693
GRW_drift,2024-2025,2024-11-16,0,7.016108256853
GRW_drift,2024-2025,2024-11-16,1,9.326627328084777
GRW_drift,2024-2025,2024-11-16,2,15.874008873169007
GRW_drift,2024-2025,2024-11-16,3,19.504982238359503
GRW_drift,2024-2025,2024-11-23,-1,2.7324650792700584
GRW_drift,2024-2025,2024-11-23,0,13.701676189358896
GRW_drift,2024-2025,2024-11-23,1,30.49412679282392
GRW_drift,2024-2025,2024-11-23,2,33.16882741839256
GRW_drift,2024-2025,2024-11-23,3,40.743626586365494
GRW_drift,2024-2025,2024-11-30,-1,2.6867837482675156
GRW_drift,2024-2025,2024-11-30,0,14.418654399415828
GRW_drift,2024-2025,2024-11-30,1,17.03868091558546
GRW_drift,2024-2025,2024-11-30,2,26.75462209264837
GRW_drift,2024-2025,2024-11-30,3,64.9457131508308
GRW_drift,2024-2025,2024-12-07,-1,2.4026636695990677
GRW_drift,2024-2025,2024-12-07,0,8.41887620822655
GRW_drift,2024-2025,2024-12-07,1,26.46455288991775
GRW_drift,2024-2025,2024-12-07,2,40.58162594180737
GRW_drift,2024-2025,2024-12-07,3,101.58976639524761
GRW_drift,2024-2025,2024-12-14,-1,3.9344054356895777
GRW_drift,2024-2025,2024-12-14,0,18.560445576627163
GRW_drift,2024-2025,2024-12-14,1,35.032469440291756
GRW_drift,2024-2025,2024-12-14,2,82.56714199097796
GRW_drift,2024-2025,2024-12-14,3,209.8755323057485
GRW_drift,2024-2025,2024-12-21,-1,9.495745545691527
GRW_drift,2024-2025,2024-12-21,0,56.97366871786454
GRW_drift,2024-2025,2024-12-21,1,67.77907578863089
GRW_drift,2024-2025,2024-12-21,2,148.6304971897298
GRW_drift,2024-2025,2024-12-21,3,180.33585652906856
GRW_drift,2024-2025,2024-12-28,-1,11.12136935010353
GRW_drift,2024-2025,2024-12-28,0,60.43583371984129
GRW_drift,2024-2025,2024-12-28,1,221.30842254746833
GRW_drift,2024-2025,2024-12-28,2,253.30281598951953
GRW_drift,2024-2025,2024-12-28,3,374.0180408434131
GRW_drift,2024-2025,2025-01-04,-1,17.240609169783582
GRW_drift,2024-2025,2025-01-04,0,163.64349165053073
GRW_drift,2024-2025,2025-01-04,1,200.9246049642953
GRW_drift,2024-2025,2025-01-04,2,312.69120901643294
GRW_drift,2024-2025,2025-01-04,3,562.7047037484124
GRW_drift,2024-2025,2025-01-11,-1,22.772703170932957
GRW_drift,2024-2025,2025-01-11,0,72.53709070366735
GRW_drift,2024-2025,2025-01-11,1,155.0659047049596
GRW_drift,2024-2025,2025-01-11,2,324.9680286413541
GRW_drift,2024-2025,2025-01-11,3,465.83031400283596
GRW_drift,2024-2025,2025-01-18,-1,22.21333564720017
GRW_drift,2024-2025,2025-01-18,0,95.03430861408656
GRW_drift,2024-2025,2025-01-18,1,239.9494857660952
GRW_drift,2024-2025,2025-01-18,2,379.8468096388325
GRW_drift,2024-2025,2025-01-18,3,391.4923399120635
GRW_drift,2024-2025,2025-01-25,-1,28.573723936033286
GRW_drift,2024-2025,2025-01-25,0,152.44951560733188
GRW_drift,2024-2025,2025-01-25,1,270.8053971364655
GRW_drift,2024-2025,2025-01-25,2,296.45326894654033
GRW_drift,2024-2025,2025-01-25,3,271.88437653571464
GRW_drift,2024-2025,2025-02-01,-1,44.201172139445845
GRW_drift,2024-2025,2025-02-01,0,153.30250699274188
GRW_drift,2024-2025,2025-02-01,1,247.1159020822636
GRW_drift,2024-2025,2025-02-01,2,412.20978045418815
GRW_drift,2024-2025,2025-02-01,3,675.970019326793
GRW_drift,2024-2025,2025-02-08,-1,56.436461118611795
GRW_drift,2024-2025,2025-02-08,0,182.00313155013757
GRW_drift,2024-2025,2025-02-08,1,435.34221780164006
GRW_drift,2024-2025,2025-02-08,2,740.6758007517677
GRW_drift,2024-2025,2025-02-08,3,633.6846400079371
GRW_drift,2024-2025,2025-02-15,-1,60.48832267130562
GRW_drift,2024-2025,2025-02-15,0,345.0979890201093
GRW_drift,2024-2025,2025-02-15,1,647.1516012283374
GRW_drift,2024-2025,2025-02-15,2,552.657715825275
GRW_drift,2024-2025,2025-02-15,3,592.348668139401
GRW_drift,2024-2025,2025-02-22,-1,44.45371476814887
GRW_drift,2024-2025,2025-02-22,0,267.24169960422637
GRW_drift,2024-2025,2025-02-22,1,236.57210603493962
GRW_drift,2024-2025,2025-02-22,2,299.97970100247386
GRW_drift,2024-2025,2025-02-22,3,224.51184306211266
GRW_drift,2024-2025,2025-03-01,-1,31.572550425052977
GRW_drift,2024-2025,2025-03-01,0,75.04896284067787
GRW_drift,2024-2025,2025-03-01,1,103.87216990567293
GRW_drift,2024-2025,2025-03-01,2,87.19950102578365
GRW_drift,2024-2025,2025-03-01,3,76.88595721511949
GRW_drift,2024-2025,2025-03-08,-1,26.472632622283413
GRW_drift,2024-2025,2025-03-08,0,82.67571180170626
GRW_drift,2024-2025,2025-03-08,1,75.39396765619405
GRW_drift,2024-2025,2025-03-08,2,67.971060076673
GRW_drift,2024-2025,2025-03-08,3,101.05131997374288
GRW_drift,2024-2025,2025-03-15,-1,22.531904847826226
GRW_drift,2024-2025,2025-03-15,0,52.389467713573126
GRW_drift,2024-2025,2025-03-15,1,44.13699711326194
GRW_drift,2024-2025,2025-03-15,2,59.45545785940558
GRW_drift,2024-2025,2025-03-15,3,49.708035444627534
GRW_drift,2024-2025,2025-03-22,-1,18.989746620849274
GRW_drift,2024-2025,2025-03-22,0,35.154766525856004
GRW_drift,2024-2025,2025-03-22,1,73.23423343646806
GRW_drift,2024-2025,2025-03-22,2,61.13029317379025
GRW_drift,2024-2025,2025-03-22,3,41.58166147722592
GRW_drift,2024-2025,2025-03-29,-1,11.794516353584894
GRW_drift,2024-2025,2025-03-29,0,60.314720892941686
GRW_drift,2024-2025,2025-03-29,1,48.603702295566876
GRW_drift,2024-2025,2025-03-29,2,33.049464692748806
GRW_drift,2024-2025,2025-03-29,3,38.17929972636739
GRW_drift,2024-2025,2025-04-05,-1,8.614733912594232
GRW_drift,2024-2025,2025-04-05,0,15.498930851382775
GRW_drift,2024-2025,2025-04-05,1,13.690192787281836
GRW_drift,2024-2025,2025-04-05,2,16.709626236307546
GRW_drift,2024-2025,2025-04-05,3,13.577871359119323
GRW_drift,2024-2025,2025-04-12,-1,6.766497010717908
GRW_drift,2024-2025,2025-04-12,0,10.225880669201016
GRW_drift,2024-2025,2025-04-12,1,11.912835267254025
GRW_drift,2024-2025,2025-04-12,2,10.946869721503099
GRW_drift,2024-2025,2025-04-12,3,12.877701050656533
