date,season,I_inc,H_inc,H_inc_A,H_inc_B,H_inc_AH1,H_inc_AH3
2010-09-06,2010-2011,624.5127593688982,624.5127593688982,195.1602415195462,448.86855917372066,139.40017310745424,55.76006841209195
2010-09-13,2010-2011,874.8213568647599,874.8213568647599,273.38167992710885,628.7778689855863,195.2726293507317,78.10905057637716
2010-09-20,2010-2011,828.5642236651358,828.5642236651358,258.92632548989405,595.5305535075094,184.94737613733307,73.978949352561
2010-09-27,2010-2011,725.0523783657949,725.0523783657949,226.57887313492884,521.1314124813409,161.8420529282733,64.73682020665555
2010-10-04,2010-2011,707.1538894669638,707.1538894669638,220.98559523319196,508.26687320191303,157.8468544100232,63.13874082316875
2010-10-11,2010-2011,736.8443958722207,736.8443958722207,230.26387868530767,529.6069253166745,164.47419976117877,65.78967892412892
2010-10-18,2010-2011,624.3072020684831,624.3072020684831,195.09600486177854,448.72081485964424,139.354289780282,55.74171508149654
2010-10-25,2010-2011,692.4862921296269,692.4862921296269,216.40197096623726,497.724537301516,154.5728370625451,61.82913390369217
2010-11-01,2010-2011,631.6086423035491,631.6086423035491,197.37770498453665,453.9687251849978,140.98407558919084,56.3936293953458
2010-11-08,2010-2011,344.4953831627432,344.4953831627432,107.65480956442063,247.60606402745722,76.89629287339874,30.758516691021892
2010-11-15,2010-2011,763.8266608714499,763.8266608714499,238.69583667975343,549.0004288628419,170.49702692571063,68.19880975404281
2010-11-22,2010-2011,839.8134883783201,839.8134883783201,262.4417207887202,603.6159627610746,187.45837279004223,74.98334799867797
2010-11-29,2010-2011,857.8888474449832,857.8888474449832,268.0902706190988,616.6076274774205,191.4930512574902,76.5972193616086
2010-12-06,2010-2011,1785.6987578989995,1785.6987578989995,525.2055256379068,1260.4932721745702,525.2055256379068,0.0
2010-12-13,2010-2011,2870.438053807342,2870.438053807342,1241.2704970382706,1784.326417018323,1241.2704970382706,0.0
2010-12-20,2010-2011,4051.873235904921,4051.873235904921,2259.6985516640257,1792.1747219769054,2085.87558097108,173.82297069294538
2010-12-27,2010-2011,4556.030901774812,4556.030901774812,2982.1293419040676,1573.9015428982068,2776.465258803844,205.66408310022393
2011-01-03,2010-2011,8423.692575241426,8423.692575241426,5174.554266930598,3249.138684879231,5174.554266930598,0.0
2011-01-10,2010-2011,7863.876699976588,7863.876699976588,6412.084282156926,1572.7754000505258,6412.084282156926,0.0
2011-01-17,2010-2011,7322.927211573001,7322.927211573001,4660.04472806297,2662.8827017502686,4660.04472806297,0.0
2011-01-24,2010-2011,8141.056442169984,8141.056442169984,5280.685326998894,3080.399763973422,5280.685326998894,0.0
2011-01-31,2010-2011,7441.513190642111,7441.513190642111,3465.910282796328,4179.479869155815,3465.910282796328,0.0
2011-02-07,2010-2011,6726.888333653661,6726.888333653661,3762.496834004725,3078.40655636391,3762.496834004725,0.0
2011-02-14,2010-2011,5626.501677634759,5626.501677634759,2941.1258807564154,2941.1258388357114,2941.1258807564154,0.0
2011-02-21,2010-2011,2964.6459049096748,2964.6459049096748,1675.6694225934393,1288.976438139569,1675.6694225934393,0.0
2011-02-28,2010-2011,2046.6915027429513,2046.6915027429513,978.8524379435332,1245.8121965188677,978.8524379435332,0.0
2011-03-07,2010-2011,1181.508405569554,1181.508405569554,545.3115833128481,727.0821052151817,545.3115833128481,0.0
2011-03-14,2010-2011,1044.270372830809,1044.270372830809,441.80670128484803,722.9564161492481,441.80670128484803,0.0
2011-03-21,2010-2011,624.7010643104242,624.7010643104242,264.2966071745854,432.48535472111666,264.2966071745854,0.0
2011-03-28,2010-2011,581.4231962576038,581.4231962576038,245.98673971063954,402.5237535878474,245.98673971063954,0.0
2011-04-04,2010-2011,509.7065862955412,509.7065862955412,215.64509668501242,352.8737925571646,215.64509668501242,0.0
2011-04-11,2010-2011,378.32232799164143,378.32232799164143,160.05944830101203,261.91545935813997,160.05944830101203,0.0
2011-04-18,2010-2011,193.18829278945697,193.18829278945697,81.73350942897041,133.7457419369744,81.73350942897041,0.0
2011-04-25,2010-2011,271.92749927506736,271.92749927506736,115.04625101800164,188.25750058905618,115.04625101800164,0.0
2011-05-02,2010-2011,262.0720913479494,262.0720913479494,110.87665530851771,181.4345258307438,110.87665530851771,0.0
2011-05-09,2010-2011,219.67638166892922,219.67638166892922,92.9400086993232,152.08364972902916,92.9400086993232,0.0
2011-05-16,2010-2011,346.957139971299,346.957139971299,146.7895609088398,240.20109829514737,146.7895609088398,0.0
2011-05-23,2010-2011,214.09210055999046,214.09210055999046,90.57742820295279,148.21760893889902,90.57742820295279,0.0
2011-05-30,2010-2011,232.29789073515212,232.29789073515212,98.27987798113438,160.82161759474215,98.27987798113438,0.0
2011-06-06,2010-2011,170.18654597996508,170.18654597996508,72.00200105136237,117.82145559196967,72.00200105136237,0.0
2011-06-13,2010-2011,352.9494968634866,352.9494968634866,149.3247888539573,244.3496530907023,149.3247888539573,0.0
2011-06-20,2010-2011,258.9317377134076,258.9317377134076,109.54804414014399,179.26043484038544,109.54804414014399,0.0
2011-06-27,2010-2011,273.05460812822815,273.05460812822815,115.52310476906041,189.03780672268928,115.52310476906041,0.0
2011-07-04,2010-2011,274.2531686411492,274.2531686411492,116.03018806882739,189.86757939028925,116.03018806882739,0.0
2011-07-11,2010-2011,360.7978967051308,360.7978967051308,152.6452657482713,249.78316070486568,152.6452657482713,0.0
2011-07-18,2010-2011,241.21825707573558,241.21825707573558,102.05387916868325,166.9972558663179,102.05387916868325,0.0
2011-07-25,2010-2011,235.05550139932708,235.05550139932708,99.44655942941142,162.73073268100333,99.44655942941142,0.0
2011-08-01,2010-2011,171.7804973866958,171.7804973866958,72.67636511582113,118.9249604184087,72.67636511582113,0.0
2011-08-08,2010-2011,305.25030525030525,305.25030525030525,129.14436140062776,211.32713562867625,129.14436140062776,0.0
2011-08-15,2010-2011,162.7171212369897,162.7171212369897,68.84185977756215,112.65031535532819,68.84185977756215,0.0
2011-08-22,2010-2011,254.56346516215967,254.56346516215967,107.69992880872046,176.2362461335351,107.69992880872046,0.0
2011-08-29,2010-2011,178.90038489510343,178.90038489510343,75.68862525021682,123.85411333740869,75.68862525021682,0.0
2011-09-05,2011-2012,370.2108994917648,370.2108994917648,218.76098806934183,185.10545225341525,21.876098676542476,196.88488939279935
2011-09-12,2011-2012,241.13343197088574,241.13343197088574,142.4879383803118,120.5667176187011,14.24879375310175,128.23914462721004
2011-09-19,2011-2012,491.9760584615345,491.9760584615345,290.71312812036655,245.98803256304657,29.07131263875813,261.64181548160843
2011-09-26,2011-2012,524.8122085010451,524.8122085010451,310.1163078670944,262.4061078052095,31.01163060186572,279.1046772652287
2011-10-03,2011-2012,500.42235134512504,500.42235134512504,295.7041194155281,250.21117906205075,29.570411765299422,266.1337076502287
2011-10-10,2011-2012,434.0046198392816,434.0046198392816,256.4572777112747,217.00231285926478,25.64572761826702,230.81155009300767
2011-10-17,2011-2012,743.818544495872,743.818544495872,439.52914395983703,371.9092772860087,43.95291413400392,395.57622982583314
2011-10-24,2011-2012,852.8362028631026,852.8362028631026,503.94866994937865,426.4181072080284,50.39486669456105,453.5538032548176
2011-10-31,2011-2012,509.59214903133176,509.59214903133176,301.1226362797923,254.79607796726347,30.112263448496154,271.01037283129614
2011-11-07,2011-2012,836.0841620772917,836.0841620772917,494.0497366669905,418.0420867016571,49.404973372222464,444.64476329476804
2011-11-14,2011-2012,963.7409911168221,963.7409911168221,569.4833181547984,481.8705020860746,56.94833147604134,512.5349866787572
2011-11-21,2011-2012,691.3908210702926,691.3908210702926,408.54912528790965,345.6954152181127,40.85491228527671,367.6942130026329
2011-11-28,2011-2012,759.611396020429,759.611396020429,448.8612835826505,379.8057031552562,44.88612809072288,403.97515549192764
2011-12-05,2011-2012,988.203322833673,988.203322833673,583.9383324836712,494.1016681101897,58.39383290031275,525.5444995833584
2011-12-12,2011-2012,768.5956281946495,768.5956281946495,454.1701480979174,384.297819303219,45.41701453908524,408.75313355883213
2011-12-19,2011-2012,805.8119361068212,805.8119361068212,476.161602974952,402.9059735113804,47.61616001368077,428.54544296127125
2011-12-26,2011-2012,596.9194602441594,596.9194602441594,352.7251388332916,298.45973416516745,35.272513673088596,317.452625160203
2012-01-02,2011-2012,1175.7789535567313,1175.7789535567313,694.7784789273309,587.8894847422164,69.47784747861284,625.300631448718
2012-01-09,2011-2012,969.4253880751804,969.4253880751804,969.4254169663084,0.0,0.0,969.4254169663084
2012-01-16,2011-2012,1260.7792325046728,1260.7792325046728,1260.779270078822,180.11132698084236,0.0,1260.779270078822
2012-01-23,2011-2012,1244.6945859651023,1244.6945859651023,1244.6945581440102,124.4694604512497,0.0,1244.6945581440102
2012-01-30,2011-2012,2322.5764698399803,2322.5764698399803,2322.5764698399803,0.0,0.0,2322.5764698399803
2012-02-06,2011-2012,4344.053479631277,4344.053479631277,4109.239861349448,352.2205609313407,158.04768739391378,3951.192173955534
2012-02-13,2011-2012,9143.751917175792,9143.751917175792,9143.75167873388,531.6134986078827,0.0,9143.75167873388
2012-02-20,2011-2012,8701.488894312914,8701.488894312914,8433.750920108625,401.6071801115449,0.0,8433.750920108625
2012-02-27,2011-2012,7872.705638230885,7872.705638230885,7872.705704219141,319.16372782271014,171.14578156335205,7701.559922655789
2012-03-05,2011-2012,5499.893296269746,5499.893296269746,5499.893296269746,343.74333101685914,0.0,5499.893296269746
2012-03-12,2011-2012,4450.984687432253,4450.984687432253,4450.984687432253,139.0932714822579,0.0,4450.984687432253
2012-03-19,2011-2012,2024.2674221394439,2024.2674221394439,2024.2674221394439,303.64012538649064,0.0,2024.2674221394439
2012-03-26,2011-2012,1148.670639596871,1148.670639596871,1084.8556083428432,223.35262864518987,0.0,1084.8556083428432
2012-04-02,2011-2012,895.5601631476992,895.5601631476992,845.8068240868264,174.136701726052,0.0,845.8068240868264
2012-04-09,2011-2012,362.75504571239304,362.75504571239304,342.60198896862795,70.53570468433317,0.0,342.60198896862795
2012-04-16,2011-2012,396.3005609999846,396.3005609999846,374.28386464298677,77.05844389299831,0.0,374.28386464298677
2012-04-23,2011-2012,250.54162985197468,250.54162985197468,236.62265134909416,48.716428960113156,0.0,236.62265134909416
2012-04-30,2011-2012,255.97649468014066,255.97649468014066,241.75557926260848,49.77320825250299,0.0,241.75557926260848
2012-05-07,2011-2012,342.31325174966724,342.31325174966724,323.295850149902,66.56091133765153,0.0,323.295850149902
2012-05-14,2011-2012,240.4360563075417,240.4360563075417,227.07849851948347,46.751456288827214,0.0,227.07849851948347
2012-05-21,2011-2012,280.2028181093863,280.2028181093863,264.6359959249239,54.48388234288418,0.0,264.6359959249239
2012-05-28,2011-2012,154.10629314062535,154.10629314062535,145.54483298468128,29.965113129212277,0.0,145.54483298468128
2012-06-04,2011-2012,230.69071514121697,230.69071514121697,217.87456515942813,44.8565288035154,0.0,217.87456515942813
2012-06-11,2011-2012,170.80920240766707,170.80920240766707,161.31980291022165,33.21290110447135,0.0,161.31980291022165
2012-06-18,2011-2012,197.60638526371858,197.60638526371858,186.6282534852087,38.42346453741976,0.0,186.6282534852087
2012-06-25,2011-2012,185.55615959567373,185.55615959567373,175.24748475383132,36.08036505707601,0.0,175.24748475383132
2012-07-02,2011-2012,281.2503217967068,281.2503217967068,265.6253049668511,54.68756361932098,0.0,265.6253049668511
2012-07-09,2011-2012,247.84625198995397,247.84625198995397,234.07701669158908,48.192327699123624,0.0,234.07701669158908
2012-07-16,2011-2012,107.86154329546717,107.86154329546717,101.86923573642345,20.973078264823066,0.0,101.86923573642345
2012-07-23,2011-2012,53.791271157899985,53.791271157899985,50.80286740507142,10.45941403664643,0.0,50.80286740507142
2012-07-30,2011-2012,109.88590975977986,109.88590975977986,103.78113740470457,21.366705084869665,0.0,103.78113740470457
2012-08-06,2011-2012,87.97564222218821,87.97564222218821,83.08810687091255,17.106375204271405,0.0,83.08810687091255
2012-08-13,2011-2012,266.52960728123446,266.52960728123446,251.72240786962158,51.82520240869575,0.0,251.72240786962158
2012-08-20,2011-2012,287.7476143944921,287.7476143944921,271.76163688896366,55.95092609309464,0.0,271.76163688896366
2012-08-27,2011-2012,98.78197529591644,98.78197529591644,93.29408814746817,19.207606675530844,0.0,93.29408814746817
2012-09-03,2012-2013,69.53421748610224,69.53421748610224,67.05085324197468,49.66729879643907,67.05085324197468,0.0
2012-09-10,2012-2013,231.88230460765263,231.88230460765263,223.60079595008222,165.63021955136077,223.60079595008222,0.0
2012-09-17,2012-2013,324.2713090385264,324.2713090385264,312.690193964877,231.62236636010115,312.690193964877,0.0
2012-09-24,2012-2013,768.9727008926772,768.9727008926772,741.509397512744,549.2662214711044,741.509397512744,0.0
2012-10-01,2012-2013,644.7686717181332,644.7686717181332,621.7412253332154,460.5490567174105,621.7412253332154,0.0
2012-10-08,2012-2013,618.4873949579833,618.4873949579833,596.3985653484569,441.7767159506625,596.3985653484569,0.0
2012-10-15,2012-2013,751.5848637343964,751.5848637343964,724.742554372124,536.8463376385615,724.742554372124,0.0
2012-10-22,2012-2013,537.8877615333075,537.8877615333075,518.6774894882873,384.2055485324495,518.6774894882873,0.0
2012-10-29,2012-2013,412.7817529423851,412.7817529423851,398.03955143432466,294.84411275937646,398.03955143432466,0.0
2012-11-05,2012-2013,413.0752242806484,413.0752242806484,398.3225416561756,295.05373514634914,398.3225416561756,0.0
2012-11-12,2012-2013,557.7168974617081,557.7168974617081,537.798442180623,398.3692172215797,537.798442180623,0.0
2012-11-19,2012-2013,616.5749647926759,616.5749647926759,594.5544362421623,440.4106943877302,594.5544362421623,0.0
2012-11-26,2012-2013,554.3727152211466,554.3727152211466,534.5736949880467,395.98051559270306,534.5736949880467,0.0
2012-12-03,2012-2013,950.3379553272296,950.3379553272296,916.3973231691322,678.8128333258148,916.3973231691322,0.0
2012-12-10,2012-2013,1235.6903748398563,1235.6903748398563,1235.6903748398563,1003.9984295573832,1235.6903748398563,0.0
2012-12-17,2012-2013,1697.7271269689338,1697.7271269689338,1697.727145942513,1398.1282400671964,1131.8180972950086,565.9090486475043
2012-12-24,2012-2013,2170.5236770505335,2170.5236770505335,1753.1153267547104,1920.0786846618673,1168.7435511698068,584.3717755849034
2012-12-31,2012-2013,3294.6792068178156,3294.6792068178156,2396.130403641387,2545.888504774428,2396.130403641387,0.0
2013-01-07,2012-2013,5396.671820154784,5396.671820154784,5271.167844908939,3388.6078342420474,3294.4798766813656,1976.6879682275733
2013-01-14,2012-2013,7364.717517836817,7364.717517836817,7254.796411425973,3737.3193807131074,6815.111791238467,439.6846201875062
2013-01-21,2012-2013,11550.696221617543,11550.696221617543,9993.29883320946,6229.588865157191,8774.60380624526,1218.6950269641989
2013-01-28,2012-2013,16404.717290512926,16404.717290512926,13371.912716269168,8133.431510240608,11588.990954901095,1782.9217613680719
2013-02-04,2012-2013,17639.611980430065,17639.611980430065,17094.056281081677,10547.39639869247,13398.044085126874,3696.012195954803
2013-02-11,2012-2013,13826.011259356816,13826.011259356816,13436.546572761039,6426.174385139394,10656.571546550342,2779.9750262106963
2013-02-18,2012-2013,12518.63029276919,12518.63029276919,12079.380476869577,6149.502459232032,9395.073704231894,2684.3067726376835
2013-02-25,2012-2013,8589.467157090712,8589.467157090712,8321.046308431627,3892.102305556729,3698.2428037473896,4622.803504684238
2013-03-04,2012-2013,6811.993866640237,6811.993866640237,6554.937490483751,3598.789164684173,4274.959154635526,2279.978335848226
2013-03-11,2012-2013,4061.907972899207,4061.907972899207,3822.972254292743,1911.4861271463715,2923.4493809826963,899.5228733100469
2013-03-18,2012-2013,2763.846195329774,2763.846195329774,2487.4615304938275,1243.7307755430431,2035.1957823602118,452.26574813361566
2013-03-25,2012-2013,1445.2753710190868,1445.2753710190868,1156.220357116857,1059.8686499223115,0.0,1156.220357116857
2013-04-01,2012-2013,1110.4287606842558,1110.4287606842558,925.3573375244606,629.2429864499823,92.53573389033504,832.8216036341255
2013-04-08,2012-2013,737.1548759723566,737.1548759723566,614.2957545089326,417.721111030287,61.429575542430456,552.8661789665022
2013-04-15,2012-2013,393.60982997766695,393.60982997766695,328.0082047470996,223.04557814100264,32.80082052358699,295.20738422351263
2013-04-22,2012-2013,115.80426058979614,115.80426058979614,96.50355434537688,65.62241663504176,9.650355448917837,86.85319889645903
2013-04-29,2012-2013,188.40104849279163,188.40104849279163,157.0008800138405,106.76059788910779,15.700088024779001,141.30079198906148
2013-05-06,2012-2013,152.3934811730805,152.3934811730805,126.99457271577602,86.35630902586539,12.699457290501266,114.29511542527474
2013-05-13,2012-2013,138.1411249732727,138.1411249732727,115.11760874162832,78.27997356280542,11.51176089131669,103.60584785031162
2013-05-20,2012-2013,296.8956334397425,296.8956334397425,247.41303774691903,168.24086484797368,24.741303811559316,222.6717339353597
2013-05-27,2012-2013,258.2296672205506,258.2296672205506,215.19139794415105,146.33014988887453,21.51913982648112,193.6722581176699
2013-06-03,2012-2013,99.8914223669924,99.8914223669924,83.24285529680628,56.60514132595995,8.324285542084779,74.9185697547215
2013-06-10,2012-2013,56.664412408520846,56.664412408520846,47.220345559517085,32.10983482398254,4.722034562988088,42.49831099652899
2013-06-17,2012-2013,161.5612048762109,161.5612048762109,134.63434277347974,91.55135263978559,13.463434297410053,121.17090847606968
2013-06-24,2012-2013,62.665006498088715,62.665006498088715,52.2208408338523,35.51017159395876,5.222084091166741,46.99875674268556
2013-07-01,2012-2013,171.21201867767473,171.21201867767473,142.6766879292049,97.02014731902621,14.26766881418097,128.4090191150239
2013-07-08,2012-2013,52.59723628203095,52.59723628203095,43.83103198542289,29.805101604830732,4.383103205073621,39.447928780349265
2013-07-15,2012-2013,17.231381492297572,17.231381492297572,14.359485150362268,9.764449854658748,1.4359485171759567,12.92353663318631
2013-07-22,2012-2013,34.98567108601607,34.98567108601607,29.15472706931063,19.82521431051194,2.9154727112754557,26.239254358035172
2013-07-29,2012-2013,66.14156019313336,66.14156019313336,55.11796902875331,37.4802187568903,5.511796911088547,49.606172117664755
2013-08-05,2012-2013,85.02433174571958,85.02433174571958,70.85361261764649,48.18045634518946,7.085361272322659,63.768251345323826
2013-08-12,2012-2013,98.37664281864765,98.37664281864765,81.98053895610825,55.74676621846862,8.198053907826877,73.78248504828137
2013-08-19,2012-2013,15.251746656551887,15.251746656551887,12.709789388026747,8.642656741737717,1.2709789406965808,11.438810447330166
2013-08-26,2012-2013,103.91534965256129,103.91534965256129,86.59612816869367,58.88536686773057,8.659612829773195,77.93651533892047
2013-09-02,2013-2014,46.45125849250182,46.45125849250182,44.2392939671869,6.635894103318246,17.204169892405197,27.035124074781702
2013-09-09,2013-2014,197.26546521662254,197.26546521662254,187.8718723347559,28.180780885207245,73.06128375486207,114.8105885798938
2013-09-16,2013-2014,213.5284178472622,213.5284178472622,203.36039870735007,30.504059843981334,79.08459957212517,124.27579913522489
2013-09-23,2013-2014,312.15222170950847,312.15222170950847,297.2878313070154,44.593174751426474,115.61193450655372,181.67589680046163
2013-09-30,2013-2014,286.5115352035478,286.5115352035478,272.86812978179665,40.93021951809514,106.11538390442837,166.75274587736826
2013-10-07,2013-2014,457.99149909849893,457.99149909849893,436.1823817187145,65.42735733905248,169.62648193998461,266.55589977872984
2013-10-14,2013-2014,709.0869523164714,709.0869523164714,675.3209094838345,101.29813654836349,262.62479838107305,412.6961111027614
2013-10-21,2013-2014,581.866019024489,581.866019024489,554.1581154210561,83.1237174163784,215.50593397874647,338.65218144230954
2013-10-28,2013-2014,201.2849926217943,201.2849926217943,191.69999368727557,28.75499908879824,74.54999761558376,117.14999607169179
2013-11-04,2013-2014,712.9447312845269,712.9447312845269,678.9949847051934,101.84924783225168,264.0536054129533,414.94137929224
2013-11-11,2013-2014,613.4642056972154,613.4642056972154,584.2516266500455,87.63774410633216,227.20896613442576,357.0426605156197
2013-11-18,2013-2014,752.9322694271406,752.9322694271406,717.078354506697,107.5617533095708,278.8638047942167,438.2145497124802
2013-11-25,2013-2014,743.698089080267,743.698089080267,708.2838970007222,106.24258468203648,275.44373798310187,432.84015901762024
2013-12-02,2013-2014,704.5197373636908,704.5197373636908,670.9711809411727,100.64567726615402,260.9332372795486,410.03794366162407
2013-12-09,2013-2014,700.5177740068747,700.5177740068747,667.159787253816,100.07396821234059,259.45102862195205,407.70875863186393
2013-12-16,2013-2014,626.4753949518794,626.4753949518794,596.6432355101734,89.49648543765947,232.02792514014587,364.6153103700275
2013-12-23,2013-2014,556.8430496168679,556.8430496168679,530.3267158964476,79.54900748324819,206.23816748818598,324.08854840826154
2013-12-30,2013-2014,336.97905601910514,336.97905601910514,320.9324354994762,48.139865384699746,124.80705836787692,196.12537713159924
2014-01-06,2013-2014,445.3238497466088,445.3238497466088,424.11795371958993,63.617693136936616,164.93475993588618,259.1831937837037
2014-01-13,2013-2014,530.7576629740121,530.7576629740121,530.7576629740121,265.37883148700604,0.0,530.7576629740121
2014-01-20,2013-2014,560.7786533510181,560.7786533510181,560.7786700635243,0.0,224.31146468290845,336.46720538061584
2014-01-27,2013-2014,1599.7217875152148,1599.7217875152148,1599.7218351906392,0.0,941.0128554475348,658.7089797431046
2014-02-03,2013-2014,2628.547396138092,2628.547396138092,2628.547396138092,0.0,1149.9894858104153,1478.5579103276768
2014-02-10,2013-2014,3690.7940600049983,3690.7940600049983,3690.7940600049983,0.0,1845.3970300024992,1845.3970300024992
2014-02-17,2013-2014,4891.454777691157,4891.454777691157,4891.454668358622,0.0,1802.114927485408,3089.339740873214
2014-02-24,2013-2014,5399.468801530658,5399.468801530658,5399.468700957715,0.0,1928.3817503407847,3471.0869506169297
2014-03-03,2013-2014,4586.263581273649,4586.263581273649,4586.263717954955,0.0,1965.5415543574647,2620.72216359749
2014-03-10,2013-2014,2824.633530644027,2824.633530644027,2824.633509598867,0.0,1027.1394997784175,1797.4940098204495
2014-03-17,2013-2014,2107.863246371246,2107.863246371246,2107.863214961636,0.0,702.6210716538786,1405.2421433077573
2014-03-24,2013-2014,1462.3394605592214,1462.3394605592214,1462.3394714544993,0.0,162.48216349494436,1299.8573079595549
2014-03-31,2013-2014,1172.76782129058,1172.76782129058,1119.4602053624553,53.307629829172036,159.9228875016522,959.537317860803
2014-04-07,2013-2014,573.4819595189203,573.4819595189203,547.4146037433321,26.067362573182482,78.20208674846255,469.21251699486953
2014-04-14,2013-2014,355.849862301575,355.849862301575,339.67487229650027,16.17499422303306,48.52498206653372,291.14989022996656
2014-04-21,2013-2014,319.980708409464,319.980708409464,305.43613411382034,14.544578088437829,43.63373372348575,261.8024003903346
2014-04-28,2013-2014,102.11798623331148,102.11798623331148,97.47626065843309,4.641726785302938,13.925180182991022,83.55108047544206
2014-05-05,2013-2014,57.475716509774614,57.475716509774614,54.863184544559914,2.612532646485657,7.837597842132548,47.02558670242736
2014-05-12,2013-2014,249.46040629507914,249.46040629507914,238.12129953700148,11.339109714980845,34.01732872252779,204.10397081447366
2014-05-19,2013-2014,148.02648515616153,148.02648515616153,141.29801011221696,6.728476798531571,20.185430144939428,121.11257996727753
2014-05-26,2013-2014,101.39737336717164,101.39737336717164,96.78840291500694,4.608971654047675,13.826914790445457,82.96148812456148
2014-06-02,2013-2014,137.25607208927613,137.25607208927613,131.01716116257086,6.238912553628447,18.716737428467745,112.3004237341031
2014-06-09,2013-2014,100.4406286709958,100.4406286709958,95.87514660406741,4.5654832574709,13.696449602335202,82.1786970017322
2014-06-16,2013-2014,61.323521569882146,61.323521569882146,58.53608941505892,2.7874328817029776,8.36229854126897,50.17379087378995
2014-06-23,2013-2014,94.56925759021085,94.56925759021085,90.27065596531364,4.298602745845198,12.895808077400169,77.37484788791346
2014-06-30,2013-2014,144.8642475037161,144.8642475037161,138.27951050168377,6.584738719136686,19.754215912109434,118.52529458957433
2014-07-07,2013-2014,51.58161182818689,51.58161182818689,49.23699365025574,2.3446187893381234,7.033856280670517,42.20313736958522
2014-07-14,2013-2014,102.34063412630022,102.34063412630022,97.6887881949871,4.651847144376763,13.955541259835487,83.73324693515161
2014-07-21,2013-2014,18.95793975001896,18.95793975001896,18.096215414957978,0.8617245597731632,2.5851736472177493,15.511041767740227
2014-07-28,2013-2014,17.864133170122468,17.864133170122468,17.052127304482497,0.8120060773870511,2.436018201911571,14.616109102570924
2014-08-04,2013-2014,81.96008615074099,81.96008615074099,78.23462854980536,3.725458572424632,11.176375578489754,67.05825297131561
2014-08-11,2013-2014,58.73010198609883,58.73010198609883,56.06055251240225,2.669550169836012,8.008650410059547,48.0519021023427
2014-08-18,2013-2014,148.89044252828919,148.89044252828919,142.12269670377276,6.767747589344098,20.30324251591406,121.8194541878587
2014-08-25,2013-2014,128.23550729687912,128.23550729687912,122.40662194785273,5.8288868690270474,17.486660389938194,104.91996155791453
2014-09-01,2014-2015,167.7333980399723,167.7333980399723,167.7334009938351,30.49698191625358,58.34205287868008,109.39134811515501
2014-09-08,2014-2015,192.05905398390323,192.05905398390323,192.0590573661521,34.9198285174193,66.80315079938867,125.25590656676343
2014-09-15,2014-2015,143.01743292689665,143.01743292689665,143.01743544549987,26.00317001054954,49.74519524373826,93.2722402017616
2014-09-22,2014-2015,174.26138656961294,174.26138656961294,174.26138963843664,31.683888939329083,60.61265763860362,113.64873199983302
2014-09-29,2014-2015,227.4459337941146,227.4459337941146,227.44593779954283,41.35380676060421,79.11163102588985,148.334306773653
2014-10-06,2014-2015,249.2836482119995,249.2836482119995,249.283652602,45.3243003502937,86.70735796045142,162.57629464154857
2014-10-13,2014-2015,298.96493141354523,298.96493141354523,298.9649366784561,54.357261066994525,103.98780470209869,194.97713197635744
2014-10-20,2014-2015,473.6278520633701,473.6278520633701,473.6278604041759,86.11415620381365,164.74012637192126,308.8877340322546
2014-10-27,2014-2015,347.11027268050077,347.11027268050077,347.11027879327344,63.11095960960853,120.73401075814861,226.3762680351248
2014-11-03,2014-2015,609.4870636370742,609.4870636370742,609.4870743704237,110.81583140347986,211.99550543363875,397.4915689367849
2014-11-10,2014-2015,535.9027425610943,535.9027425610943,535.9027519985898,97.43686373575773,186.4009583641665,349.5017936344233
2014-11-17,2014-2015,479.8458234506391,479.8458234506391,479.8458319009463,87.24469647289074,166.90289907976157,312.9429328211847
2014-11-24,2014-2015,896.3869656720032,896.3869656720032,896.3869814577927,162.97945073258362,311.786778078226,584.6002033795667
2014-12-01,2014-2015,1029.8335673066033,1029.8335673066033,1029.8335854424492,187.24246957314895,358.20298844552946,671.6305969969198
2014-12-08,2014-2015,1124.7064308556744,1124.7064308556744,1124.7064506622755,204.49208138456478,391.20224611639986,733.5042045458757
2014-12-15,2014-2015,1286.2335725603505,1286.2335725603505,1286.2335917267242,197.88209545789,428.7445305755747,857.4890611511494
2014-12-22,2014-2015,843.7077286379164,843.7077286379164,843.7077286379164,0.0,421.8538643189582,421.8538643189582
2014-12-29,2014-2015,985.724661763357,985.724661763357,821.4372279284255,164.2874485233735,492.86233088167853,328.574897046747
2015-01-05,2014-2015,2265.3484366148173,2265.3484366148173,2265.348402858495,87.12878926944703,283.16855721406483,1982.1798456444299
2015-01-12,2014-2015,4614.450143568852,4614.450143568852,4614.450109188519,271.4382447505305,636.475889638823,3977.9742195496956
2015-01-19,2014-2015,9248.626265724535,9248.626265724535,9248.626403539805,165.15404784232763,1994.8017021000028,7253.824701439803
2015-01-26,2014-2015,14888.763761638684,14888.763761638684,14888.764094428487,190.88158917648806,1181.647983242782,13707.116111185705
2015-02-02,2014-2015,17028.207596061296,17028.207596061296,17028.208135258938,243.26010987448316,774.0094354637521,16254.198699795186
2015-02-09,2014-2015,15347.719882880116,15347.719882880116,15347.719882880116,1258.009813343518,2316.636814461474,13031.083068418642
2015-02-16,2014-2015,11559.086863331735,11559.086863331735,11228.827775081572,2972.336638608814,2694.9186191692593,8533.909155912314
2015-02-23,2014-2015,7054.8643057828285,7054.8643057828285,7054.864332064246,1959.6846228291593,587.9053708608855,6466.958961203361
2015-03-02,2014-2015,4282.906068901927,4282.906068901927,4030.9705764021996,2519.356632189594,575.8529290663919,3455.1176473358078
2015-03-09,2014-2015,3431.345536361107,3431.345536361107,3186.249569057477,2205.865086270561,637.2499138114954,2548.9996552459816
2015-03-16,2014-2015,2617.3614609484393,2617.3614609484393,2617.3614609484393,2617.3614609484393,0.5,0.5
2015-03-23,2014-2015,1866.4003082298423,1866.4003082298423,1685.7809343281924,1745.9873958839937,1685.7809343281924,0.0
2015-03-30,2014-2015,1843.6229554694146,1843.6229554694146,1665.2078413809381,1724.679549621887,1665.2078413809381,0.0
2015-04-06,2014-2015,693.5429091982517,693.5429091982517,626.4258574698769,648.7982093794978,626.4258574698769,0.0
2015-04-13,2014-2015,349.34455925827035,349.34455925827035,315.5370232806208,326.80620261153274,315.5370232806208,0.0
2015-04-20,2014-2015,282.3120999976895,282.3120999976895,254.9915758198917,264.09841775530106,254.9915758198917,0.0
2015-04-27,2014-2015,247.97843665768195,247.97843665768195,223.9805248631321,231.9798292714444,223.9805248631321,0.0
2015-05-04,2014-2015,114.11786887360702,114.11786887360702,103.07420480215683,106.75542637872479,103.07420480215683,0.0
2015-05-11,2014-2015,131.83462206453018,131.83462206453018,119.07643359292621,123.32916333694331,119.07643359292621,0.0
2015-05-18,2014-2015,242.75328666841168,242.75328666841168,219.26103452010315,227.09178570295512,219.26103452010315,0.0
2015-05-25,2014-2015,225.82228767795777,225.82228767795777,203.96851920525773,211.25310913035312,203.96851920525773,0.0
2015-06-01,2014-2015,125.80869693642148,125.80869693642148,113.63366247471451,117.6920075371797,113.63366247471451,0.0
2015-06-08,2014-2015,50.42429486373748,50.42429486373748,45.5445246839102,47.17111484080495,45.5445246839102,0.0
2015-06-15,2014-2015,97.37950344921023,97.37950344921023,87.95568109647415,91.09695540128739,87.95568109647415,0.0
2015-06-22,2014-2015,199.75768524268386,199.75768524268386,180.42629750047115,186.87009379862224,180.42629750047115,0.0
2015-06-29,2014-2015,135.7172360889833,135.7172360889833,122.58331079869889,126.96128615640802,122.58331079869889,0.0
2015-07-06,2014-2015,105.94179956732754,105.94179956732754,95.68936796222714,99.10684536762479,95.68936796222714,0.0
2015-07-13,2014-2015,60.130194943834915,60.130194943834915,54.311144167080464,56.250827874946104,54.311144167080464,0.0
2015-07-20,2014-2015,62.797948964379906,62.797948964379906,56.72072845908986,58.7464687482634,56.72072845908986,0.0
2015-07-27,2014-2015,98.28639801717875,98.28639801717875,88.77481167922525,91.94534064752133,88.77481167922525,0.0
2015-08-03,2014-2015,37.87916217880941,37.87916217880941,34.21343702516082,35.43534548254177,34.21343702516082,0.0
2015-08-10,2014-2015,35.152984259105004,35.152984259105004,31.751082759380115,32.88504999354479,31.751082759380115,0.0
2015-08-17,2014-2015,35.14358446225732,35.14358446225732,31.742592620237666,32.87625663514919,31.742592620237666,0.0
2015-08-24,2014-2015,69.1765732031009,69.1765732031009,62.48206651795356,64.71356887934391,62.48206651795356,0.0
2015-08-31,2014-2015,33.320632860228635,33.320632860228635,30.096055678857912,31.170914803381415,30.096055678857912,0.0
2015-09-07,2015-2016,106.06149107085214,106.06149107085214,45.4549254972411,75.75820881085974,37.87910446814573,7.575821029095378
2015-09-14,2015-2016,240.7616442275651,240.7616442275651,103.18356352020794,171.97260506976255,85.98630267724747,17.197260842960475
2015-09-21,2015-2016,219.7508216769854,219.7508216769854,94.1789251351568,156.9648744975852,78.48243737873479,15.696487756422023
2015-09-28,2015-2016,358.27574487368304,358.27574487368304,153.54675034525684,255.9112493890448,127.95562490637657,25.591125438880283
2015-10-05,2015-2016,381.76016332695684,381.76016332695684,163.61150127758614,272.6858341984947,136.34291732498824,27.268583952597915
2015-10-12,2015-2016,410.53664966395036,410.53664966395036,175.94428134048957,293.24046754137754,146.62023401344564,29.324047327043942
2015-10-19,2015-2016,263.10972819621117,263.10972819621117,112.76131395106215,187.9355223805168,93.96776134583938,18.793552605222775
2015-10-26,2015-2016,362.0569764067522,362.0569764067522,155.16727817197446,258.6121290877198,129.30606475794997,25.861213414024512
2015-11-02,2015-2016,418.8440486995438,418.8440486995438,179.50459527183435,299.17432406610993,149.58716228072416,29.917432991110207
2015-11-09,2015-2016,350.60619302649366,350.60619302649366,150.25979949918272,250.43299800431797,125.21649920947803,25.0433002897047
2015-11-16,2015-2016,555.4332308173108,555.4332308173108,238.04281714865706,396.7380267418506,198.36901369936183,39.673803449295235
2015-11-23,2015-2016,523.8449529367756,523.8449529367756,224.50498354714102,374.1749708439243,187.08748573172005,37.417497815420994
2015-11-30,2015-2016,500.5117434235003,500.5117434235003,214.5050364473126,357.50839242147515,178.75419650669815,35.75083994061445
2015-12-07,2015-2016,870.4801265602409,870.4801265602409,373.0629175597055,621.7715263836948,310.8857637065762,62.177153853129354
2015-12-14,2015-2016,782.506999326647,782.506999326647,195.62674983166175,586.8802494949853,195.62674983166175,0.0
2015-12-21,2015-2016,696.7011936347764,696.7011936347764,696.7011936347764,0.0,696.7011936347764,0.0
2015-12-28,2015-2016,637.5585583675893,637.5585583675893,,,0.5,0.5
2016-01-04,2015-2016,898.4949322044733,898.4949322044733,399.33109064932324,499.16387502669465,399.33109064932324,0.0
2016-01-11,2015-2016,1493.1523862212237,1493.1523862212237,639.9224575947256,853.2299731259068,639.9224575947256,0.0
2016-01-18,2015-2016,2222.2255254188412,2222.2255254188412,808.0820333259355,1414.1434920929057,808.0820333259355,0.0
2016-01-25,2015-2016,4263.283543336051,4263.283543336051,2264.8693823972767,1998.4141609387736,2264.8693823972767,0.0
2016-02-01,2015-2016,6809.573028696786,6809.573028696786,3307.5069561863143,3696.6255566653567,3307.5069561863143,0.0
2016-02-08,2015-2016,7430.744989599292,7430.744989599292,3508.962937899032,3921.78217626783,3302.553353316736,206.409584582296
2016-02-15,2015-2016,9654.285334684324,9654.285334684324,3016.9641670888514,6637.321167595473,3016.9641670888514,0.0
2016-02-22,2015-2016,11043.225837712595,11043.225837712595,5521.612918856297,5521.612918856297,5521.612918856297,0.0
2016-02-29,2015-2016,12726.831172743678,12726.831172743678,6518.6208862053245,6208.210476182916,6518.6208862053245,0.0
2016-03-07,2015-2016,11492.542456775698,11492.542456775698,5920.400835992807,5572.141963287348,5920.400835992807,0.0
2016-03-14,2015-2016,9138.150910173748,9138.150910173748,6962.400823150532,2610.900376765979,6962.400823150532,0.0
2016-03-21,2015-2016,6424.228333769257,6424.228333769257,3023.166309909232,3778.958024996204,3023.166309909232,0.0
2016-03-28,2015-2016,2873.5042032914375,2873.5042032914375,1575.7926362442054,1483.098988179394,1575.7926362442054,0.0
2016-04-04,2015-2016,1379.029163468918,1379.029163468918,756.2418034646356,711.7570089745908,756.2418034646356,0.0
2016-04-11,2015-2016,391.9922035384656,391.9922035384656,214.9634676342269,202.3185627416833,214.9634676342269,0.0
2016-04-18,2015-2016,457.3802665655025,457.3802665655025,250.8214378777548,236.0672414467039,250.8214378777548,0.0
2016-04-25,2015-2016,204.17616933225514,204.17616933225514,111.96757734399112,105.38125185275749,111.96757734399112,0.0
2016-05-02,2015-2016,38.49965182923563,38.49965182923563,21.112712409115005,19.87078863771797,21.112712409115005,0.0
2016-05-09,2015-2016,173.08618521392447,173.08618521392447,94.91823112118139,89.3348079548875,94.91823112118139,0.0
2016-05-16,2015-2016,111.80081954861635,111.80081954861635,61.31012718512066,57.70365053242377,61.31012718512066,0.0
2016-05-23,2015-2016,54.62594684974539,54.62594684974539,29.95616456558417,28.194037930551772,29.95616456558417,0.0
2016-05-30,2015-2016,71.10935227109357,71.10935227109357,38.99545145906984,36.70160227451553,38.99545145906984,0.0
2016-06-06,2015-2016,123.87569343458824,123.87569343458824,67.93183225563945,63.935843693013496,67.93183225563945,0.0
2016-06-13,2015-2016,37.684963535701584,37.684963535701584,20.665947858600408,19.450304344554958,20.665947858600408,0.0
2016-06-20,2015-2016,53.777771542673825,53.777771542673825,29.491036168835493,27.756270016979315,29.491036168835493,0.0
2016-06-27,2015-2016,164.26381244405508,164.26381244405508,90.08015570474825,84.78132509819035,90.08015570474825,0.0
2016-07-04,2015-2016,58.05490816386629,58.05490816386629,31.836562715887467,29.96382446841514,31.836562715887467,0.0
2016-07-11,2015-2016,130.8736670801516,130.8736670801516,71.76943072745603,67.54770116694823,71.76943072745603,0.0
2016-07-18,2015-2016,45.045574370243294,45.045574370243294,24.702411886752646,23.24932940551949,24.702411886752646,0.0
2016-07-25,2015-2016,40.686937016621506,40.686937016621506,22.312191389413933,20.999710058663165,22.312191389413933,0.0
2016-08-01,2015-2016,42.27575926344599,42.27575926344599,23.183481013413505,21.819747371976717,23.183481013413505,0.0
2016-08-08,2015-2016,136.76230117437194,136.76230117437194,74.99868170004208,70.58699627460572,74.99868170004208,0.0
2016-08-15,2015-2016,44.91257669310651,44.91257669310651,24.62947767631033,23.18068544106458,24.62947767631033,0.0
2016-08-22,2015-2016,20.231483354766976,20.231483354766976,11.094684481136849,10.442056238669768,11.094684481136849,0.0
2016-08-29,2015-2016,55.027872813838314,55.027872813838314,30.17657557935875,28.401483595669106,30.17657557935875,0.0
2016-09-05,2016-2017,98.75313433861162,98.75313433861162,94.05060448237687,4.702530206600553,4.702530276673714,89.34807420570314
2016-09-12,2016-2017,135.8005739050341,135.8005739050341,129.33388039136253,6.466693995477814,6.466694091839064,122.86718629952345
2016-09-19,2016-2017,77.50240088959276,77.50240088959276,73.81181064601114,3.6905905185520362,3.69059057354612,70.12122007246501
2016-09-26,2016-2017,87.66018946797125,87.66018946797125,83.48589504241038,4.174294736570059,4.174294798771898,79.31160024363847
2016-10-03,2016-2017,335.07523895963516,335.07523895963516,319.11927638846447,15.955963759982625,15.955963997745014,303.16331239071945
2016-10-10,2016-2017,369.42252299521357,369.42252299521357,351.8309755918283,17.591548714057787,17.591548976192293,334.239426615636
2016-10-17,2016-2017,665.5467337375102,665.5467337375102,633.8540344922524,31.692701606548102,31.69270207880616,602.1613324134462
2016-10-24,2016-2017,488.0579067738665,488.0579067738665,464.8170558019275,23.24085270351745,23.240853049833145,441.57620275209433
2016-10-31,2016-2017,343.93521703103863,343.93521703103863,327.55735077361635,16.377867477668506,16.37786772171775,311.17948305189856
2016-11-07,2016-2017,623.461278430472,623.461278430472,593.7726483362345,29.688632306212952,29.688632748608047,564.0840155876264
2016-11-14,2016-2017,590.1902449872708,590.1902449872708,562.0859497008579,28.104297380346228,28.104297799132894,533.981651901725
2016-11-21,2016-2017,831.5243617775444,831.5243617775444,791.9279665478228,39.59639817988307,39.596398769915375,752.3315677779074
2016-11-28,2016-2017,583.2730418957119,583.2730418957119,555.4981372081651,27.774906756938663,27.774907170817027,527.723230037348
2016-12-05,2016-2017,826.488706365503,826.488706365503,787.1321042327746,39.356605065023956,39.356605651483065,747.7754985812915
2016-12-12,2016-2017,838.6385041357835,838.6385041357835,798.7033402475765,39.935166863608735,39.935167458689094,758.7681727888873
2016-12-19,2016-2017,731.493384755477,731.493384755477,731.493384755477,0.0,0.0,731.493384755477
2016-12-26,2016-2017,1396.559069571138,1396.559069571138,1396.559069571138,0.0,0.0,1396.559069571138
2017-01-02,2016-2017,1986.7852527350055,1986.7852527350055,1986.7852527350055,0.0,0.0,1986.7852527350055
2017-01-09,2016-2017,3925.691652780873,3925.691652780873,3925.691652780873,0.0,0.0,3925.691652780873
2017-01-16,2016-2017,6007.751305216622,6007.751305216622,6007.75113736199,0.0,0.0,6007.75113736199
2017-01-23,2016-2017,11067.804529353743,11067.804529353743,11067.804385045996,0.0,212.84240272426138,10854.961982321736
2017-01-30,2016-2017,12936.161700097717,12936.161700097717,12936.161362761013,0.0,0.0,12936.161362761013
2017-02-06,2016-2017,11306.48648979767,11306.48648979767,11306.486574037559,0.0,0.0,11306.486574037559
2017-02-13,2016-2017,6509.814552006762,6509.814552006762,6509.814552006762,0.0,0.0,6509.814552006762
2017-02-20,2016-2017,4383.183378854758,4383.183378854758,4383.183378854758,0.0,0.0,4383.183378854758
2017-02-27,2016-2017,2074.4891946171515,2074.4891946171515,2007.5701923278625,66.91900926948533,0.0,2007.5701923278625
2017-03-06,2016-2017,1318.9737237495556,1318.9737237495556,1276.4261868097944,42.54754137781534,0.0,1276.4261868097944
2017-03-13,2016-2017,536.1867794990151,536.1867794990151,518.8904328041831,17.296348498981676,0.0,518.8904328041831
2017-03-20,2016-2017,167.70503358151518,167.70503358151518,162.29519411101467,5.409840034790786,0.0,162.29519411101467
2017-03-27,2016-2017,221.41926540147486,221.41926540147486,214.27670887876974,7.14255726773185,0.0,214.27670887876974
2017-04-03,2016-2017,167.01006598712934,167.01006598712934,161.6226448247889,5.387421724292293,0.0,161.6226448247889
2017-04-10,2016-2017,79.53413743498949,79.53413743498949,76.96852025129964,2.5656174513045964,0.0,76.96852025129964
2017-04-17,2016-2017,129.50596290498768,129.50596290498768,125.32835144738023,4.177611893366302,0.0,125.32835144738023
2017-04-24,2016-2017,97.76118387943582,97.76118387943582,94.60759749064823,3.1535867177322996,0.0,94.60759749064823
2017-05-01,2016-2017,189.34124066259554,189.34124066259554,183.23345906978977,6.107782229897051,0.0,183.23345906978977
2017-05-08,2016-2017,145.28755090986328,145.28755090986328,140.60085599857132,4.686695400152352,0.0,140.60085599857132
2017-05-15,2016-2017,75.36819822491509,75.36819822491509,72.9369661690241,2.4312323094882613,0.0,72.9369661690241
2017-05-22,2016-2017,20.53237777432596,20.53237777432596,19.870043046890444,0.6623347965224119,0.0,19.870043046890444
2017-05-29,2016-2017,59.42118597797799,59.42118597797799,57.504373641326396,1.9168125365907096,0.0,57.504373641326396
2017-06-05,2016-2017,41.80936384326215,41.80936384326215,40.46067476741602,1.3486892165253663,0.0,40.46067476741602
2017-06-12,2016-2017,0.0,0.0,0.0,0.0,0.0,0.0
2017-06-19,2016-2017,0.0,0.0,0.0,0.0,0.0,0.0
2017-06-26,2016-2017,0.0,0.0,0.0,0.0,0.0,0.0
2017-07-03,2016-2017,16.263979951462627,16.263979951462627,15.739335468170566,0.5246445380167479,0.0,15.739335468170566
2017-07-10,2016-2017,89.01383507207025,89.01383507207025,86.14242120863695,2.871414162945121,0.0,86.14242120863695
2017-07-17,2016-2017,56.26801187988981,56.26801187988981,54.45291483066223,1.8150972385569661,0.0,54.45291483066223
2017-07-24,2016-2017,72.1492799972395,72.1492799972395,69.82188400701992,2.327396232985924,0.0,69.82188400701992
2017-07-31,2016-2017,0.0,0.0,0.0,0.0,0.0,0.0
2017-08-07,2016-2017,57.08395312166493,57.08395312166493,55.24253538878764,1.841417924952145,0.0,55.24253538878764
2017-08-14,2016-2017,19.171875026048745,19.171875026048745,18.55342748142565,0.6184476091322046,0.0,18.55342748142565
2017-08-21,2016-2017,67.65113778919023,67.65113778919023,65.4688431518719,2.1822948649494114,0.0,65.4688431518719
2017-08-28,2016-2017,0.0,0.0,0.0,0.0,0.0,0.0
2017-09-04,2017-2018,34.04814704062388,34.04814704062388,15.60540102291082,18.442746778748454,12.768055330492803,2.8373456924180167
2017-09-11,2017-2018,119.04761904761904,119.04761904761904,54.56349309829492,64.48412861024576,44.64285780808755,9.92063529020737
2017-09-18,2017-2018,190.011717389239,190.011717389239,87.08870545504843,102.92301618128343,71.25439508273783,15.83431037231059
2017-09-25,2017-2018,186.41116629902243,186.41116629902243,85.43845284073527,100.97271762490142,69.90418840378696,15.534264436948293
2017-10-02,2017-2018,172.25320813089613,172.25320813089613,78.94938855727821,93.30382342377716,64.59495401162586,14.35443454565235
2017-10-09,2017-2018,338.490677109328,338.490677109328,155.14156328405275,183.34912139113146,126.93400580746204,28.207557476590697
2017-10-16,2017-2018,188.20679835687278,188.20679835687278,86.26145088285827,101.94535168076429,70.57755043551472,15.683900447343532
2017-10-23,2017-2018,338.21675549869593,338.21675549869593,155.0160158767987,183.20074718163085,126.83128520194435,28.184730674854325
2017-10-30,2017-2018,147.9429497680083,147.9429497680083,67.80718659630816,80.13576647848276,55.47860698969876,12.328579606609388
2017-11-06,2017-2018,223.88350270607017,223.88350270607017,102.61327401968794,121.2702336905685,83.95631476582288,18.65695925386505
2017-11-13,2017-2018,310.9452736318408,310.9452736318408,142.51658645077032,168.42869413123896,116.6044793494824,25.91210710128791
2017-11-20,2017-2018,391.8206919485277,391.8206919485277,179.58448721558213,212.23621349082055,146.93276167016663,32.651725545415495
2017-11-27,2017-2018,485.7127498636933,485.7127498636933,222.61834790950843,263.0944128107109,182.14228391301648,40.47606399649194
2017-12-04,2017-2018,599.9516743731398,599.9516743731398,274.9778559693421,324.9738318137626,224.98188124241864,49.99597472692344
2017-12-11,2017-2018,719.8051689408337,719.8051689408337,329.9107086880096,389.8944763417234,269.9269423750374,59.98376631297215
2017-12-18,2017-2018,869.785288120013,869.785288120013,398.65159794881225,471.13370961241696,326.16948790530887,72.48211004350333
2017-12-25,2017-2018,996.7911271143439,996.7911271143439,456.86260859185904,539.9285408025028,373.79667823788344,83.06593035397559
2018-01-01,2017-2018,1553.0343619861812,1553.0343619861812,621.2137540512787,931.8206542189333,621.2137540512787,0.0
2018-01-08,2017-2018,2897.293914224188,2897.293914224188,1448.6470002851377,1448.646957112094,1316.9518184410342,131.69518184410342
2018-01-15,2017-2018,4014.339447994007,4014.339447994007,1529.2722290584572,2485.0673834359277,764.6361145292286,764.6361145292286
2018-01-22,2017-2018,5221.741644122523,5221.741644122523,1648.9710577981675,3572.77066413437,961.8997642630942,687.0712935350733
2018-01-29,2017-2018,6741.035570160825,6741.035570160825,1784.3917877755177,4956.6437823853075,1561.3428160692877,223.0489717062301
2018-02-05,2017-2018,9284.012049248502,9284.012049248502,2618.5675179195046,6665.444773428478,2142.464329699082,476.1031882204226
2018-02-12,2017-2018,9023.313625967445,9023.313625967445,1961.5898543826463,7061.723771584799,1373.1128846220672,588.476969760579
2018-02-19,2017-2018,9965.755600710036,9965.755600710036,2622.567171508397,7605.445157490078,1748.3781143389315,874.1890571694657
2018-02-26,2017-2018,10103.458200160563,10103.458200160563,3585.0979641804674,6518.359934873577,2868.0783713443743,717.0195928360936
2018-03-05,2017-2018,11806.076199563797,11806.076199563797,2871.7483562869156,8934.327733324228,2233.582059776608,638.1662965103078
2018-03-12,2017-2018,8840.041457937466,8840.041457937466,4277.439287653404,4562.601906830298,2851.6261917689358,1425.8130958844679
2018-03-19,2017-2018,5473.379535150138,5473.379535150138,2575.7080261365013,2897.671529403564,1287.8540130682507,1287.8540130682507
2018-03-26,2017-2018,3250.2508160770885,3250.2508160770885,1871.3565539510562,1378.8943006518932,1247.5710364837669,623.7855174672894
2018-04-02,2017-2018,1127.8370462471369,1127.8370462471369,649.3607317452395,478.4763278703713,432.90715467601575,216.45357706922377
2018-04-09,2017-2018,447.43042651402675,447.43042651402675,257.6114609224919,189.8189708950155,171.74097401941518,85.87048690307677
2018-04-16,2017-2018,147.92814836835967,147.92814836835967,85.17075315962583,62.75739696215523,56.780502129919874,28.390251029705965
2018-04-23,2017-2018,111.06514695206651,111.06514695206651,63.94660056270479,47.118547705838715,42.631067059449094,21.315533503255697
2018-04-30,2017-2018,65.08878251432307,65.08878251432307,37.475360099712525,27.613423186120666,24.983573410149578,12.491786689562947
2018-05-07,2017-2018,85.36983698072868,85.36983698072868,49.15233099962424,36.21750699300988,32.76822067997962,16.384110319644623
2018-05-14,2017-2018,80.72452719995395,80.72452719995395,46.47775866804097,34.246769488756655,30.985172458186067,15.492586209854906
2018-05-21,2017-2018,51.95462328380326,51.95462328380326,29.913268326642704,22.041355572988902,19.94217889268296,9.971089433959746
2018-05-28,2017-2018,34.340659340659336,34.340659340659336,19.77189501999935,14.568764727706563,13.181263352122237,6.590631667877113
2018-06-04,2017-2018,34.951060916659955,34.951060916659955,20.1233383560461,14.82772297489564,13.415558909583718,6.707779446462385
2018-06-11,2017-2018,51.54708490029001,51.54708490029001,29.67862501197857,21.86846049930916,19.785750016175456,9.892874995803117
2018-06-18,2017-2018,73.19479362250581,73.19479362250581,42.14245746298815,31.05233702710992,28.0949716536212,14.047485809366949
2018-06-25,2017-2018,108.20966327975647,108.20966327975647,62.3025341852899,45.90713037709695,41.535022807385495,20.767511377904412
2018-07-02,2017-2018,59.110464608251824,59.110464608251824,34.03329823181265,25.077167077087115,22.6888654972665,11.34443273454615
2018-07-09,2017-2018,20.40030724636653,20.40030724636653,11.745631592265948,8.65467589590943,7.830421064751809,3.9152105275141396
2018-07-16,2017-2018,0.0,0.0,0.0,0.0,0.0,0.0
2018-07-23,2017-2018,33.13614923369054,33.13614923369054,19.078389192133145,14.057760434326676,12.718926133353396,6.35946305877975
2018-07-30,2017-2018,0.0,0.0,0.0,0.0,0.0,0.0
2018-08-06,2017-2018,0.0,0.0,0.0,0.0,0.0,0.0
2018-08-13,2017-2018,0.0,0.0,0.0,0.0,0.0,0.0
2018-08-20,2017-2018,21.720284290190556,21.720284290190556,12.505618384610298,9.214666163035051,8.337078926524425,4.168539458085873
2018-08-27,2017-2018,21.203081268644883,21.203081268644883,12.207834823013977,8.99524669695519,8.138556552044706,4.0692782709692725
2018-09-03,2018-2019,0.0,0.0,0.0,0.0,0.0,0.0
2018-09-10,2018-2019,0.0,0.0,0.0,0.0,0.0,0.0
2018-09-17,2018-2019,101.2097647181,101.2097647181,101.20976616340373,0.0,25.302441619400053,75.90732454400369
2018-09-24,2018-2019,0.0,0.0,0.0,0.0,0.0,0.0
2018-10-01,2018-2019,164.97260020292282,164.97260020292282,164.97260255877765,0.0,41.24315076773001,123.72945179104767
2018-10-08,2018-2019,296.1001509636468,296.1001509636468,296.10015519203967,0.0,74.02503902781389,222.07511616422582
2018-10-15,2018-2019,279.16009224420435,279.16009224420435,279.16009623068845,0.0,69.79002427432887,209.37007195635962
2018-10-22,2018-2019,468.8389758399977,468.8389758399977,468.8389825351493,0.0,117.20974599765428,351.62923653749505
2018-10-29,2018-2019,301.30834092383753,301.30834092383753,301.30834522660484,0.0,75.32708654049728,225.9812586861076
2018-11-05,2018-2019,611.3468635912376,611.3468635912376,611.3468723214417,0.0,152.83671855482805,458.51015376661366
2018-11-12,2018-2019,325.3738906100696,325.3738906100696,325.3738952564997,0.0,81.34347406664831,244.0304211898514
2018-11-19,2018-2019,346.10754414125205,346.10754414125205,346.10754908376447,0.0,86.52688753955594,259.58066154420857
2018-11-26,2018-2019,702.2939752614866,702.2939752614866,702.2939852904408,0.0,175.5734968676621,526.7204884227788
2018-12-03,2018-2019,701.3264217106267,701.3264217106267,701.326431725764,0.0,175.33160847574197,525.9948232500221
2018-12-10,2018-2019,626.3693318681736,626.3693318681736,626.3693408129027,0.0,156.5923356893523,469.77700512355045
2018-12-17,2018-2019,566.4906241696697,566.4906241696697,566.4906322593141,0.0,141.62265850448316,424.86797375483104
2018-12-24,2018-2019,298.42165882519674,298.42165882519674,298.42166308674143,0.0,74.60541600329107,223.8162470834504
2018-12-31,2018-2019,765.1198837665116,765.1198837665116,765.1198946926373,0.0,191.27997426697056,573.8399204256668
2019-01-07,2018-2019,1026.4051615245558,1026.4051615245558,1026.4051761819082,0.0,256.6012948420724,769.803881339836
2019-01-14,2018-2019,1582.0482979342453,1582.0482979342453,1582.0482979342453,0.0,0.0,1582.0482979342453
2019-01-21,2018-2019,3435.300529838114,3435.300529838114,3435.30042745818,0.0,1344.2480200610096,2091.05240739717
2019-01-28,2018-2019,6000.546953252275,6000.546953252275,6000.547176790068,0.0,1714.4420778834226,4286.105098906645
2019-02-04,2018-2019,10967.996404889607,10967.996404889607,10967.996588754975,0.0,1935.5288295735627,9032.467759181412
2019-02-11,2018-2019,12177.387995667978,12177.387995667978,12177.387859575061,0.0,2783.403043465669,9393.984816109392
2019-02-18,2018-2019,10813.427518046907,10813.427518046907,10813.427558330064,0.0,2276.5110916926387,8536.916466637425
2019-02-25,2018-2019,6625.763523554882,6625.763523554882,6625.763721018023,0.0,1183.1720859866778,5442.5916350313455
2019-03-04,2018-2019,4773.03882093622,4773.03882093622,4596.259675152703,176.77921690733817,1286.9526617027416,3309.307013449961
2019-03-11,2018-2019,2772.438507900309,2772.438507900309,2772.4385905254153,0.0,504.0797481704324,2268.3588423549827
2019-03-18,2018-2019,1272.9930037273098,1272.9930037273098,1217.645511516847,55.34752190118738,365.2936568117554,852.3518547050916
2019-03-25,2018-2019,910.14670939172,910.14670939172,870.5751345590688,39.57159606050956,261.17254276764794,609.402591791421
2019-04-01,2018-2019,633.4899269937287,633.4899269937287,605.9469014648918,27.54304030407516,181.78407210989027,424.1628293550015
2019-04-08,2018-2019,258.8331501494855,258.8331501494855,247.57954096250447,11.253615223890673,74.27386297125751,173.30567799124697
2019-04-15,2018-2019,194.20549897092195,194.20549897092195,185.76178615392308,8.443717346561824,55.728536358269174,130.03324979565392
2019-04-22,2018-2019,91.76332403464984,91.76332403464984,87.77361643425998,3.9897097406369495,26.332085172244817,61.44153126201517
2019-04-29,2018-2019,94.77329403950151,94.77329403950151,90.65271824823435,4.1205780017174565,27.19581572437399,63.456902523860364
2019-05-06,2018-2019,109.30156301235107,109.30156301235107,104.54932369155004,4.75224187010222,31.364797395677673,73.18452629587237
2019-05-13,2018-2019,60.68249336450127,60.68249336450127,58.044125503115396,2.6383692767174463,17.413237810945716,40.630887692169686
2019-05-20,2018-2019,43.555739036736426,43.555739036736426,41.66201226840524,1.8937277842059315,12.498603795371857,29.16340847303339
2019-05-27,2018-2019,140.44600766957328,140.44600766957328,134.33966278572703,6.106348159546664,40.30189920605424,94.0377635796728
2019-06-03,2018-2019,80.84429564407421,80.84429564407421,77.32932815382141,3.5149693758293132,23.19879865932132,54.13052949450009
2019-06-10,2018-2019,44.35958263418774,44.35958263418774,42.430906162976726,1.9286775058342494,12.729271965862923,29.701634197113805
2019-06-17,2018-2019,40.054543839698226,40.054543839698226,38.31304286783882,1.741501906073836,11.493912965969775,26.819129901869044
2019-06-24,2018-2019,81.20192978151385,81.20192978151385,77.67141298927889,3.530518686152776,23.301424110901596,54.3699888783773
2019-07-01,2018-2019,0.0,0.0,0.0,0.0,0.0,0.0
2019-07-08,2018-2019,69.07598358194014,69.07598358194014,66.07268155904036,3.003303633997397,19.821804649855643,46.250876909184726
2019-07-15,2018-2019,42.84522070877172,42.84522070877172,40.98238602508458,1.8628356829900747,12.29471592050212,28.68767010458246
2019-07-22,2018-2019,24.45746952386624,24.45746952386624,23.39410185413332,1.0633682401680975,7.018230620730861,16.37587123340246
2019-07-29,2018-2019,70.67268101424516,70.67268101424516,67.59995740109451,3.07272526148892,20.279987406682153,47.31996999441237
2019-08-05,2018-2019,32.391355169801116,32.391355169801116,30.98303613529137,1.4083197899913529,9.294910925998803,21.68812520929257
2019-08-12,2018-2019,48.006578988564,48.006578988564,45.919337543527995,2.087242564720174,13.775801389644913,32.14353615388308
2019-08-19,2018-2019,70.35991646544412,70.35991646544412,67.30079130364221,3.0591268028453964,20.190237576621747,47.11055372702047
2019-08-26,2018-2019,67.45461477549344,67.45461477549344,64.52180701071003,2.9328093380649323,19.356542281081225,45.16526472962881
2019-09-02,2019-2020,86.29697791735376,86.29697791735376,71.41818959678773,14.878789451293342,32.733337072201515,38.68485252458621
2019-09-09,2019-2020,160.90667412900515,160.90667412900515,133.1641459257049,27.742530311619408,61.03356720644155,72.13057871926335
2019-09-16,2019-2020,281.0670772690056,281.0670772690056,232.6072395378311,48.45984141392478,106.61165202049047,125.99558751734065
2019-09-23,2019-2020,178.9555995596136,178.9555995596136,148.10118786541184,30.854414039011374,67.87971146513094,80.22147640028092
2019-09-30,2019-2020,217.2882427307206,217.2882427307206,179.8247550610321,37.46349051676097,82.4196798402685,97.4050752207636
2019-10-07,2019-2020,415.42240631923704,415.42240631923704,343.7978582016471,71.62455356076387,157.57401917846465,186.22383902318245
2019-10-14,2019-2020,243.90880584206457,243.90880584206457,201.85556621272713,42.05324282521236,92.5171350050363,109.33843120769085
2019-10-21,2019-2020,259.3239537275867,259.3239537275867,214.6129301543137,44.711026971128675,98.36426017595332,116.24866997836038
2019-10-28,2019-2020,409.45359963121064,409.45359963121064,338.85815604753117,70.59544894864561,155.30998901248256,183.54816703504864
2019-11-04,2019-2020,571.0505407760521,571.0505407760521,472.5935574424209,98.45699081596094,216.60538164368967,255.98817579873125
2019-11-11,2019-2020,255.20568383173836,255.20568383173836,211.20470674567804,44.00098042995536,96.80215777204057,114.40254897363748
2019-11-18,2019-2020,554.6311702717693,554.6311702717693,459.0051127015424,95.6260648374178,210.3773444377428,248.6277682637996
2019-11-25,2019-2020,895.4628261261013,895.4628261261013,741.072693813173,154.3901440459494,339.65831979983506,401.41437401333803
2019-12-02,2019-2020,615.0143726184905,615.0143726184905,508.9774187745239,106.03696190234315,233.28131817604802,275.69610059847594
2019-12-09,2019-2020,884.8210866115884,884.8210866115884,732.2657368532784,152.5553613518951,335.62179783846676,396.64393901481174
2019-12-16,2019-2020,873.8712496358869,873.8712496358869,723.2038026806415,150.66745840535765,331.4684113206381,391.7353913600034
2019-12-23,2019-2020,505.3182919362918,505.3182919362918,418.1944542112844,87.1238443460642,191.67245919713173,226.52199501415265
2019-12-30,2019-2020,571.7766093647065,571.7766093647065,508.24587877757705,63.53073484719713,254.12293938878852,254.12293938878852
2020-01-06,2019-2020,1774.3199770163048,1774.3199770163048,1774.3199505768769,0.0,1394.1085231534648,380.2114274234122
2020-01-13,2019-2020,2153.5328472279116,2153.5328472279116,2018.9370442761672,134.59580295174447,1211.3622265657002,807.574817710467
2020-01-20,2019-2020,3972.632602753509,3972.632602753509,3751.9308046442784,220.70181290844047,1986.3163013767548,1765.6145032675238
2020-01-27,2019-2020,9510.6030241602,9510.6030241602,9010.044612230013,500.55805763261657,6006.6964081533415,3003.3482040766708
2020-02-03,2019-2020,9347.321832791751,9347.321832791751,8497.565555785137,849.7565555785136,4575.612222345842,3921.953333439294
2020-02-10,2019-2020,8060.080026732699,8060.080026732699,7624.399804554998,435.68001199473485,5228.159783623163,2396.240020931835
2020-02-17,2019-2020,6555.594611281195,6555.594611281195,6555.594611281195,0.0,4006.196663478076,2549.397947803119
2020-02-24,2019-2020,4569.584843283107,4569.584843283107,4569.584843283107,0.0,1938.6118094709961,2630.973033812111
2020-03-02,2019-2020,5402.430025837709,5402.430025837709,4227.988673871695,1174.441271463533,2818.659115914463,1409.3295579572316
2020-03-09,2019-2020,6743.866681512823,6743.866681512823,5187.589791083716,1556.2769033126258,3631.312869734164,1556.2769213495515
2020-03-16,2019-2020,11583.225934370972,11583.225934370972,8910.173857630216,2673.0520988694125,6237.1217277806845,2673.052129849531
2020-03-23,2019-2020,9138.672276978665,9138.672276978665,7029.747954252194,2108.924340185039,4920.82358962516,2108.924364627034
2020-03-30,2019-2020,8250.940589727887,8250.940589727887,6346.877420849153,1904.0631846413748,4442.814214140081,1904.0632067090714
2020-04-06,2019-2020,3476.6178554558333,3476.6178554558333,2674.3214458706157,802.2964162269669,1872.0250203452,802.2964255254157
2020-04-13,2019-2020,2374.417605519244,2374.417605519244,1826.475093869729,547.9425161856149,1278.5325713335744,547.9425225361548
2020-04-20,2019-2020,1659.5680713534098,1659.5680713534098,1276.5908329952608,382.97724152859655,893.6135870280376,382.97724596722315
2020-04-27,2019-2020,1485.3803057945977,1485.3803057945977,1142.600243172113,342.780065460163,799.8201737392004,342.7800694329127
2020-05-04,2019-2020,1884.0347612236746,1884.0347612236746,1449.257518711552,434.77724611139286,1014.4802675611811,434.7772511503708
2020-05-11,2019-2020,1693.2983544001909,1693.2983544001909,1302.5372047501357,390.76115288494134,911.7760473363538,390.76115741378186
2020-05-18,2019-2020,1502.460551337698,1502.460551337698,1155.7388936812472,346.7216605267595,809.0172291360557,346.72166454519146
2020-05-25,2019-2020,778.7171174128945,778.7171174128945,599.013171406151,179.70394749440888,419.30922182901065,179.7039495771403
2020-06-01,2019-2020,810.1609383777129,810.1609383777129,623.20072616267,186.96021376277866,436.24051023306134,186.96021592960867
2020-06-08,2019-2020,1154.5894932356116,1154.5894932356116,888.1457702034485,266.4437252378971,621.7020418775239,266.4437283259245
2020-06-15,2019-2020,1399.739830966201,1399.739830966201,1076.7229543844749,323.01687925579665,753.7060713849797,323.0168829994952
2020-06-22,2019-2020,1199.1321331317401,1199.1321331317401,922.4093395925811,276.72279582998743,645.686540555434,276.7227990371471
2020-06-29,2019-2020,741.1385606874329,741.1385606874329,570.1065891086292,171.0319729946787,399.0746141317255,171.0319749769037
2020-07-06,2019-2020,554.4654910740489,554.4654910740489,426.5119191767176,127.95357295658522,298.55834473717704,127.95357443954055
2020-07-13,2019-2020,985.8583727072199,985.8583727072199,758.3525996636586,227.50577492695047,530.8468220999634,227.50577756369512
2020-07-20,2019-2020,981.6798980044224,981.6798980044224,755.138388331463,226.54151154836583,528.5968741575282,226.54151417393487
2020-07-27,2019-2020,723.5131280932808,723.5131280932808,556.5485639419237,166.9645655335604,389.5839964732787,166.964567468645
2020-08-03,2019-2020,692.7556279422591,692.7556279422591,532.8889482766118,159.86668098909135,373.02226543469885,159.86668284191296
2020-08-10,2019-2020,532.0031892978918,532.0031892978918,409.2332253825967,122.76996493163689,286.4632590280814,122.76996635451528
2020-08-17,2019-2020,932.8585218653925,932.8585218653925,717.5834833479803,215.27504029955014,502.30844055343715,215.27504279454314
2020-08-24,2019-2020,591.9532289219949,591.9532289219949,455.34864079874137,136.60458925412408,318.7440499613985,136.60459083734287
2020-08-31,2019-2020,1692.7945830573342,1692.7945830573342,1302.149688329859,390.64489796139907,911.5047858409667,390.6449024888922
2020-09-07,2020-2021,3393.241089416619,3393.241089416619,,,0.5,0.5
2020-09-14,2020-2021,2624.9654154754217,2624.9654154754217,,,0.5,0.5
2020-09-21,2020-2021,2715.8957424612076,2715.8957424612076,,,0.5,0.5
2020-09-28,2020-2021,2277.764919527133,2277.764919527133,,,0.5,0.5
2020-10-05,2020-2021,2657.128034771539,2657.128034771539,,,0.5,0.5
2020-10-12,2020-2021,6347.51356791952,6347.51356791952,,,0.5,0.5
2020-10-19,2020-2021,7604.887448541647,7604.887448541647,,,0.5,0.5
2020-10-26,2020-2021,7617.854065727489,7617.854065727489,,,0.5,0.5
2020-11-02,2020-2021,4356.248591471631,4356.248591471631,,,0.5,0.5
2020-11-09,2020-2021,3888.3553618682886,3888.3553618682886,,,0.5,0.5
2020-11-16,2020-2021,3361.1657341136697,3361.1657341136697,,,0.5,0.5
2020-11-23,2020-2021,2720.7598411904314,2720.7598411904314,,,0.5,0.5
2020-11-30,2020-2021,2908.6345165916246,2908.6345165916246,,,0.5,0.5
2020-12-07,2020-2021,2633.767365743458,2633.767365743458,,,0.5,0.5
2020-12-14,2020-2021,2340.131851535857,2340.131851535857,,,0.5,0.5
2020-12-21,2020-2021,792.2882110269984,792.2882110269984,,,0.5,0.5
2020-12-28,2020-2021,910.5304829770388,910.5304829770388,,,0.5,0.5
2021-01-04,2020-2021,2158.813591139478,2158.813591139478,,,0.5,0.5
2021-01-11,2020-2021,2019.716837603763,2019.716837603763,,,0.5,0.5
2021-01-18,2020-2021,1191.9272323242371,1191.9272323242371,,,0.5,0.5
2021-01-25,2020-2021,2854.3242907834983,2854.3242907834983,,,0.5,0.5
2021-02-01,2020-2021,2478.741064822395,2478.741064822395,,,0.5,0.5
2021-02-08,2020-2021,1071.3438802127444,1071.3438802127444,,,0.5,0.5
2021-02-15,2020-2021,2426.713495001043,2426.713495001043,,,0.5,0.5
2021-02-22,2020-2021,1632.5001338114864,1632.5001338114864,,,0.5,0.5
2021-03-01,2020-2021,1816.8469573621799,1816.8469573621799,,,0.5,0.5
2021-03-08,2020-2021,2861.1235507787233,2861.1235507787233,,,0.5,0.5
2021-03-15,2020-2021,3048.4038000588566,3048.4038000588566,,,0.5,0.5
2021-03-22,2020-2021,2993.3147021754617,2993.3147021754617,,,0.5,0.5
2021-03-29,2020-2021,2265.2460910825907,2265.2460910825907,,,0.5,0.5
2021-04-05,2020-2021,1687.8774374151055,1687.8774374151055,,,0.5,0.5
2021-04-12,2020-2021,1501.0664097885194,1501.0664097885194,,,0.5,0.5
2021-04-19,2020-2021,2079.702758688719,2079.702758688719,,,0.5,0.5
2021-04-26,2020-2021,1032.5307405095862,1032.5307405095862,,,0.5,0.5
2021-05-03,2020-2021,1209.741538536812,1209.741538536812,,,0.5,0.5
2021-05-10,2020-2021,1451.0900161124375,1451.0900161124375,,,0.5,0.5
2021-05-17,2020-2021,1268.743344493798,1268.743344493798,,,0.5,0.5
2021-05-24,2020-2021,760.3392458164242,760.3392458164242,,,0.5,0.5
2021-05-31,2020-2021,1015.3628818647359,1015.3628818647359,,,0.5,0.5
2021-06-07,2020-2021,667.5793476105013,667.5793476105013,,,0.5,0.5
2021-06-14,2020-2021,827.695408089823,827.695408089823,,,0.5,0.5
2021-06-21,2020-2021,527.6211706982681,527.6211706982681,,,0.5,0.5
2021-06-28,2020-2021,358.6454824844918,358.6454824844918,,,0.5,0.5
2021-07-05,2020-2021,593.7322525685374,593.7322525685374,,,0.5,0.5
2021-07-12,2020-2021,494.3791243041077,494.3791243041077,,,0.5,0.5
2021-07-19,2020-2021,568.7209650947508,568.7209650947508,,,0.5,0.5
2021-07-26,2020-2021,756.7283016384812,756.7283016384812,,,0.5,0.5
2021-08-02,2020-2021,794.9653964059055,794.9653964059055,,,0.5,0.5
2021-08-09,2020-2021,714.35630285319,714.35630285319,,,0.5,0.5
2021-08-16,2020-2021,716.2319968859478,716.2319968859478,,,0.5,0.5
2021-08-23,2020-2021,1278.736830400578,1278.736830400578,,,0.5,0.5
2021-08-30,2020-2021,751.8484178494164,751.8484178494164,,,0.5,0.5
2021-09-06,2021-2022,1050.7980925730276,1050.7980925730276,1050.7980829018409,0.0,61.81165388589383,988.986429015947
2021-09-13,2021-2022,1709.1103009957424,1709.1103009957424,1709.110285265675,0.0,100.53590230572556,1608.5743829599494
2021-09-20,2021-2022,1403.998212857039,1403.998212857039,1403.9981999351191,0.0,82.58813201404968,1321.4100679210694
2021-09-27,2021-2022,2272.3631508678236,2272.3631508678236,2272.363129953769,0.0,133.66842362700575,2138.6947063267635
2021-10-04,2021-2022,1855.0300004495439,1855.0300004495439,1855.0299833764814,0.0,109.11941423015855,1745.9105691463226
2021-10-11,2021-2022,1702.9881046617447,1702.9881046617447,1702.988088988024,0.0,100.17577310155853,1602.8123158864653
2021-10-18,2021-2022,3410.1049011926525,3410.1049011926525,3410.104869807212,0.0,200.59441043614333,3209.5104593710685
2021-10-25,2021-2022,2991.786523952875,2991.786523952875,2991.786496417494,0.0,175.98744651908913,2815.799049898405
2021-11-01,2021-2022,5475.266380598814,5475.266380598814,5475.266330206333,0.0,322.07450017532676,5153.191830031005
2021-11-08,2021-2022,5417.84445894035,5417.84445894035,5417.8444090763605,0.0,318.6967400022712,5099.147669074089
2021-11-15,2021-2022,4422.226494904826,4422.226494904826,4422.226454204164,0.0,260.13097610289947,4162.095478101264
2021-11-22,2021-2022,7171.281230240908,7171.281230240908,7171.281164238886,0.0,421.84008179597265,6749.441082442913
2021-11-29,2021-2022,8212.449597505783,8212.449597505783,8212.449521921202,0.0,483.0852812393139,7729.364240681888
2021-12-06,2021-2022,5139.515000777242,5139.515000777242,5139.514953474902,0.0,302.3244185679032,4837.190534906998
2021-12-13,2021-2022,2800.3246753246754,2800.3246753246754,2800.3246495514436,0.0,164.72498458334172,2635.5996649681015
2021-12-20,2021-2022,2247.540505276834,2247.540505276834,2247.540484591239,0.0,132.20826797136934,2115.3322166198695
2021-12-27,2021-2022,3316.590160782523,3316.590160782523,3316.5901302577604,0.0,195.09354323024058,3121.4965870275196
2022-01-03,2021-2022,3240.2879413063565,3240.2879413063565,3240.2879114838533,0.0,190.6051772783786,3049.6827342054744
2022-01-10,2021-2022,6294.186419325274,6294.186419325274,6294.186361395732,0.0,370.246268235959,5923.940093159773
2022-01-17,2021-2022,11137.374632721067,11137.374632721067,11137.374530216475,0.0,655.1396989212228,10482.23483129525
2022-01-24,2021-2022,10897.392269474212,10897.392269474212,10897.392169178336,0.0,641.0230890029359,10256.3690801754
2022-01-31,2021-2022,7304.5756914564245,7304.5756914564245,7304.575624227605,0.0,429.6809326309655,6874.894691596639
2022-02-07,2021-2022,4514.536354096677,4514.536354096677,4514.536312546427,0.0,265.56096794143696,4248.97534460499
2022-02-14,2021-2022,4757.337577301796,4757.337577301796,4757.337533516886,0.0,279.84339315509277,4477.494140361792
2022-02-21,2021-2022,3776.0210143778195,3776.0210143778195,3776.020979624612,0.0,222.1188881634392,3553.902091461173
2022-02-28,2021-2022,5104.389281604471,5104.389281604471,5104.389234625415,0.0,300.25819974685066,4804.131034878564
2022-03-07,2021-2022,8483.574949422691,8483.574949422691,8483.574871342766,0.0,499.0338317085511,7984.541039634214
2022-03-14,2021-2022,9512.922495551073,9512.922495551073,9512.922282920685,0.0,679.4944943437034,8833.42778857698
2022-03-21,2021-2022,14099.013598033418,14099.013598033418,14099.013650556337,0.0,829.3537441503728,13269.659906405965
2022-03-28,2021-2022,15067.911714770797,15067.911714770797,15067.91180072345,0.0,1944.2467322696746,13123.665068453776
2022-04-04,2021-2022,8841.950343844459,8841.950343844459,8841.950394282045,0.0,1140.896853414555,7701.05354086749
2022-04-11,2021-2022,6163.6248863550645,6163.6248863550645,6163.624921514543,0.0,795.3064612453608,5368.318460269182
2022-04-18,2021-2022,4225.48830013537,4225.48830013537,4225.488324239038,0.0,545.2243134480632,3680.2640107909747
2022-04-25,2021-2022,4710.337852527041,4710.337852527041,4710.33787939646,0.0,607.7855479259531,4102.552331470507
2022-05-02,2021-2022,2928.160434408376,2928.160434408376,2928.16045111163,0.0,377.8271643693683,2550.333286742262
2022-05-09,2021-2022,4087.462482228424,4087.462482228424,4087.4625055447436,0.0,527.4145299482458,3560.047975596498
2022-05-16,2021-2022,1770.444619220536,1770.444619220536,1770.4446293197732,0.0,228.44447397509296,1542.0001553446803
2022-05-23,2021-2022,984.8630826214485,984.8630826214485,984.863088239453,0.0,127.07911131724578,857.7839769222072
2022-05-30,2021-2022,1005.9922144950358,1005.9922144950358,1005.9922202335682,0.0,129.80545099712634,876.1867692364418
2022-06-06,2021-2022,1038.921390877429,1038.921390877429,1038.9213968038011,0.0,134.05437711175443,904.8670196920467
2022-06-13,2021-2022,2105.342136854742,2105.342136854742,2105.342148864352,0.0,271.65705821576427,1833.685090648588
2022-06-20,2021-2022,2795.9326687928146,2795.9326687928146,2795.932684741795,0.0,360.76551667193974,2435.1671680698555
2022-06-27,2021-2022,3118.509116085853,3118.509116085853,3118.5091338749226,0.0,402.3882853361501,2716.1208485387724
2022-07-04,2021-2022,2449.9284132170824,2449.9284132170824,2449.9284271923334,0.0,316.119804911161,2133.8086222811726
2022-07-11,2021-2022,1468.8367132543356,1468.8367132543356,1468.8367216330953,0.0,189.5273236292592,1279.3093980038361
2022-07-18,2021-2022,1091.7735338905495,1091.7735338905495,1091.7735401184086,0.0,140.87400867662333,950.8995314417853
2022-07-25,2021-2022,2093.092316387428,2093.092316387428,2093.092328327161,0.0,270.07643617169435,1823.0158921554664
2022-08-01,2021-2022,1688.935715083888,1688.935715083888,1688.9357247181697,0.0,217.92719570067808,1471.0085290174916
2022-08-08,2021-2022,1528.2392026578075,1528.2392026578075,1528.23921137542,0.0,197.19216120580066,1331.0470501696193
2022-08-15,2021-2022,1078.195647900316,1078.195647900316,1078.1956540507222,0.0,139.12202333403843,939.0736307166837
2022-08-22,2021-2022,1452.7394277469907,1452.7394277469907,1452.739436033926,0.0,187.4502544680836,1265.2891815658425
2022-08-29,2021-2022,1545.4202789295139,1545.4202789295139,1545.4202877451332,0.0,199.4090743408435,1346.0112134042897
2022-09-05,2022-2023,821.4464289596357,821.4464289596357,410.7232133670446,410.7232155925911,164.28928950858975,246.43392385845485
2022-09-12,2022-2023,1979.933145802542,1979.933145802542,989.9665702191526,989.9665755833895,395.986638118784,593.9799321003685
2022-09-19,2022-2023,3345.175723862036,3345.175723862036,1672.5878573994723,1672.5878664625639,669.0351599077699,1003.5526974917025
2022-09-26,2022-2023,2941.3770760154143,2941.3770760154143,1470.6885340231677,1470.6885419922467,588.2754285114446,882.4131055117231
2022-10-03,2022-2023,3156.9234992539796,3156.9234992539796,1578.4617453504602,1578.4617539035196,631.3847141344049,947.0770312160553
2022-10-10,2022-2023,2314.1217871007957,2314.1217871007957,1157.0608904155704,1157.0608966852253,462.82436789048273,694.2365225250876
2022-10-17,2022-2023,2938.207740592373,2938.207740592373,1469.1038663159404,1469.1038742764326,587.6415614124966,881.4623049034439
2022-10-24,2022-2023,1543.4314429289302,1543.4314429289302,771.7157193736541,771.7157235552761,308.6862955690947,463.0294238045594
2022-10-31,2022-2023,1239.3205888868267,1239.3205888868267,619.6602927645665,619.6602961222603,247.864123384714,371.79616937985253
2022-11-07,2022-2023,1590.1031330318508,1590.1031330318508,795.0515643618905,795.0515686699603,318.02063380084644,477.0309305610441
2022-11-14,2022-2023,2315.7344769596666,2315.7344769596666,1157.8672353428212,1157.8672416168454,463.1469058695536,694.7203294732676
2022-11-21,2022-2023,3264.2455935413786,3264.2455935413786,1632.1227923487756,1632.122801192603,652.8491334774671,979.2736588713085
2022-11-28,2022-2023,3505.2960451116364,3505.2960451116364,1752.6480178073655,1752.6480273042712,701.0592248821598,1051.5887929252056
2022-12-05,2022-2023,4227.846254013157,4227.846254013157,2113.923121279322,2113.923132733835,845.5692699316671,1268.3538513476549
2022-12-12,2022-2023,10819.221305543495,10819.221305543495,5409.610572162267,5409.6106527717475,901.6018023317846,4508.008769830482
2022-12-19,2022-2023,13569.5327134538,13569.5327134538,9800.218346046853,3769.3148223609837,753.8629341419276,9046.355411904926
2022-12-26,2022-2023,13184.75122562476,13184.75122562476,7099.481497190753,6085.269826668058,1014.2116705226938,6085.269826668059
2023-01-02,2022-2023,10705.635527826142,10705.635527826142,5352.817763913071,5352.817763913071,2676.4088819565354,2676.4088819565354
2023-01-09,2022-2023,7516.870471902592,7516.870471902592,4295.354747390222,3221.5159485325676,1431.7849157967405,2863.569831593481
2023-01-16,2022-2023,6086.266207991532,6086.266207991532,3477.8665600393333,2608.399829337066,3477.8665600393333,0.0
2023-01-23,2022-2023,6646.069039098446,6646.069039098446,4430.7128247778255,2215.3564123889128,0.0,4430.7128247778255
2023-01-30,2022-2023,9383.88892299507,9383.88892299507,5213.27173264347,4170.61733018244,3127.9630675522503,2085.3086650912196
2023-02-06,2022-2023,8915.310668995118,8915.310668995118,3566.12432073744,5349.186613954641,3566.12432073744,0.0
2023-02-13,2022-2023,9589.883800410116,9589.883800410116,9589.883800410116,0.0,4794.941900205058,4794.941900205058
2023-02-20,2022-2023,6046.214106080389,6046.214106080389,4946.902479096194,1099.311667936745,2473.451241851678,2473.451237244516
2023-02-27,2022-2023,5976.176492081837,5976.176492081837,4889.598976401675,1086.5775561583298,2444.7994904777343,2444.7994859239407
2023-03-06,2022-2023,6141.522029372497,6141.522029372497,5024.881689514345,1116.6403814562464,2512.4408470970657,2512.4408424172802
2023-03-13,2022-2023,5208.67891977971,5208.67891977971,4261.646413606469,947.0325414529515,2130.823208787718,2130.823204818751
2023-03-20,2022-2023,5696.933536231567,5696.933536231567,4661.127465745667,1035.8061090726837,2330.5637350433403,2330.563730702327
2023-03-27,2022-2023,4676.757278838944,4676.757278838944,3826.4377957693087,850.3195147465054,1913.2188996664784,1913.2188961028305
2023-04-03,2022-2023,2283.9239027976214,2283.9239027976214,1868.6650222085914,415.25889605862915,934.3325119744607,934.3325102341308
2023-04-10,2022-2023,1269.6231917836362,1269.6231917836362,1038.782617478976,230.84058290414202,519.3913092232089,519.3913082557672
2023-04-17,2022-2023,1829.4622971683104,1829.4622971683104,1496.8327972662444,332.6295122934809,748.4163993301393,748.4163979361052
2023-04-24,2022-2023,643.9387241466706,643.9387241466706,526.8589591730961,117.07976933513575,263.4294798318859,263.42947934121025
2023-05-01,2022-2023,879.0937396177266,879.0937396177266,719.2585184007137,159.83522717133906,359.6292595352877,359.62925886542604
2023-05-08,2022-2023,1225.5337288195801,1225.5337288195801,1002.7094202993442,222.82431682108853,501.35471061659507,501.35470968274916
2023-05-15,2022-2023,829.6165258357327,829.6165258357327,678.7771614354061,150.8393700195309,339.38858103378334,339.38858040162285
2023-05-22,2022-2023,1276.0055478502084,1276.0055478502084,1044.0045452000682,232.00101129285122,522.0022730861866,522.0022721138816
2023-05-29,2022-2023,587.8285854180847,587.8285854180847,480.9506635836738,106.87792581592383,240.47533201579702,240.47533156787682
2023-06-05,2022-2023,1048.3444098100335,1048.3444098100335,857.7363402696112,190.60807664112644,428.8681705342202,428.86816973539106
2023-06-12,2022-2023,627.7887756538629,627.7887756538629,513.6453648751366,114.14341503089986,256.82268267675306,256.8226821983836
2023-06-19,2022-2023,727.9081927511903,727.9081927511903,595.5612520658258,132.34694561567244,297.7806263102427,297.7806257555831
2023-06-26,2022-2023,528.5331290693222,528.5331290693222,432.43619901718637,96.0969336320255,216.218099709962,216.2180993072244
2023-07-03,2022-2023,916.6745866533405,916.6745866533405,750.0064843353063,166.66810852690497,375.0032425169021,375.0032418184042
2023-07-10,2022-2023,221.15101088447585,221.15101088447585,180.94173722674606,40.209275155642004,90.47086869763059,90.47086852911548
2023-07-17,2022-2023,582.5459113719717,582.5459113719717,476.6284757027165,105.9174396149872,238.3142380733057,238.31423762941085
2023-07-24,2022-2023,677.1178332229338,677.1178332229338,554.0055031200774,123.11233468914824,277.0027518180176,277.0027513020598
2023-07-31,2022-2023,1044.0033501818587,1044.0033501818587,854.1845641896132,189.81879306354642,427.0922824925673,427.09228169704596
2023-08-07,2022-2023,536.8563559124224,536.8563559124224,439.24611192827655,97.61024762041086,219.62305616867818,219.6230557595984
2023-08-14,2022-2023,1511.6688042006986,1511.6688042006986,1236.8199378769052,274.84887656271167,618.4099695143917,618.4099683625135
2023-08-21,2022-2023,1560.4212309952939,1560.4212309952939,1276.708287303632,283.71295426079274,638.3541442463296,638.3541430573024
2023-08-28,2022-2023,1476.982918371466,1476.982918371466,1208.4405765794413,268.54235179600664,604.2202888524447,604.2202877269967
2023-09-04,2023-2024,2571.828764462858,2571.828764462858,2571.8288151042757,0.0,1714.552542338316,857.2762727659596
2023-09-11,2023-2024,2716.719499398421,2716.719499398421,2716.7195528928555,0.0,1811.1463674707293,905.5731854221262
2023-09-18,2023-2024,2747.6101101433273,2747.6101101433273,2747.6101642460235,0.0,1831.740108360055,915.8700558859684
2023-09-25,2023-2024,2709.681219749256,2709.681219749256,2709.6812731051014,0.0,1806.454180948473,903.2270921566281
2023-10-02,2023-2024,2902.9371043043025,2902.9371043043025,2902.9371614655147,0.0,1935.2914397754228,967.645721690092
2023-10-09,2023-2024,2759.365345970427,2759.365345970427,2759.3654003045935,0.0,1839.5769323942359,919.7884679103576
2023-10-16,2023-2024,2950.003847831106,2950.003847831106,2950.0039059191013,0.0,1966.6692693916652,983.3346365274361
2023-10-23,2023-2024,2227.668570081022,2227.668570081022,2227.6686139456433,0.0,1485.1124083750165,742.556205570627
2023-10-30,2023-2024,2853.283343441584,2853.283343441584,2853.283399625073,0.0,1902.1889319023476,951.0944677227253
2023-11-06,2023-2024,3436.472034478905,3436.472034478905,3436.472102145857,0.0,2290.981400008143,1145.4907021377142
2023-11-13,2023-2024,3399.1243214872725,3399.1243214872725,3399.124388418818,0.0,2266.0829242055756,1133.041464213242
2023-11-20,2023-2024,4148.088504966071,4148.088504966071,4148.088586645335,0.0,2765.3923893799088,1382.6961972654267
2023-11-27,2023-2024,4539.533414913354,4539.533414913354,4539.53350430049,0.0,3026.355667654651,1513.1778366458389
2023-12-04,2023-2024,4874.318148311956,4874.318148311956,4874.318244291278,0.0,3249.5454941766016,1624.772750114676
2023-12-11,2023-2024,7671.011785230329,7671.011785230329,7671.011936278842,0.0,5114.007954344033,2557.003981934808
2023-12-18,2023-2024,8762.821135356824,8762.821135356824,8762.821396509244,0.0,5841.880931006162,2920.940465503081
2023-12-25,2023-2024,3150.9882476654543,3150.9882476654543,3150.988341572222,0.0,1890.5930049433332,1260.3953366288888
