date,season,H_inc,I_inc,H_inc_A,H_inc_B,H_inc_AH1,H_inc_AH3
2010-01-02,2009-2010,4.428571428571429,42.42857142857143,2.2142857142857144,2.2142857142857144,,
2010-01-09,2009-2010,2.7142857142857144,39.57142857142857,1.3571428571428572,1.3571428571428572,,
2010-01-16,2009-2010,2.142857142857143,31.142857142857142,1.0714285714285714,1.0714285714285714,,
2010-01-23,2009-2010,2.857142857142857,33.0,1.4285714285714286,1.4285714285714286,,
2010-01-30,2009-2010,2.0,25.285714285714285,1.0,1.0,,
2010-02-06,2009-2010,2.0,17.285714285714285,1.0,1.0,,
2010-02-13,2009-2010,1.5714285714285714,24.0,0.7857142857142857,0.7857142857142857,,
2010-02-20,2009-2010,1.4285714285714286,25.857142857142858,0.7142857142857143,0.7142857142857143,,
2010-02-27,2009-2010,2.4285714285714284,27.714285714285715,1.2142857142857142,1.2142857142857142,,
2010-03-06,2009-2010,3.0,25.285714285714285,1.5,1.5,,
2010-03-13,2009-2010,1.0,17.857142857142858,0.5,0.5,,
2010-03-20,2009-2010,1.4285714285714286,18.714285714285715,0.7142857142857143,0.7142857142857143,,
2010-03-27,2009-2010,1.0,16.428571428571427,0.5,0.5,,
2010-04-03,2009-2010,0.7142857142857143,12.571428571428571,0.35714285714285715,0.35714285714285715,,
2010-04-10,2009-2010,0.8571428571428571,7.714285714285714,0.42857142857142855,0.42857142857142855,,
2010-04-17,2009-2010,1.2857142857142858,6.285714285714286,0.6428571428571429,0.6428571428571429,,
2010-04-24,2009-2010,0.2857142857142857,5.285714285714286,0.14285714285714285,0.14285714285714285,,
2010-05-01,2009-2010,0.7142857142857143,4.571428571428571,0.35714285714285715,0.35714285714285715,,
2010-05-08,2009-2010,0.0,5.0,0.0,0.0,,
2010-05-15,2009-2010,0.42857142857142855,4.428571428571429,0.21428571428571427,0.21428571428571427,,
2010-05-22,2009-2010,0.42857142857142855,3.5714285714285716,0.21428571428571427,0.21428571428571427,,
2010-05-29,2009-2010,0.14285714285714285,2.7142857142857144,0.07142857142857142,0.07142857142857142,,
2010-06-05,2009-2010,0.14285714285714285,2.0,0.07142857142857142,0.07142857142857142,,
2010-06-12,2009-2010,0.14285714285714285,2.2857142857142856,0.07142857142857142,0.07142857142857142,,
2010-06-19,2009-2010,0.2857142857142857,2.0,0.14285714285714285,0.14285714285714285,,
2010-06-26,2009-2010,0.0,1.7142857142857142,0.0,0.0,,
2010-07-03,2009-2010,0.14285714285714285,0.8571428571428571,0.07142857142857142,0.07142857142857142,,
2010-07-10,2009-2010,0.0,1.1428571428571428,0.0,0.0,,
2010-07-17,2009-2010,0.14285714285714285,1.4285714285714286,0.07142857142857142,0.07142857142857142,,
2010-07-24,2009-2010,0.0,1.4285714285714286,0.0,0.0,,
2010-07-31,2009-2010,0.2857142857142857,1.4285714285714286,0.14285714285714285,0.14285714285714285,,
2010-08-07,2009-2010,0.42857142857142855,2.142857142857143,0.21428571428571427,0.21428571428571427,,
2010-08-14,2009-2010,0.14285714285714285,2.5714285714285716,0.07142857142857142,0.07142857142857142,,
2010-08-21,2009-2010,0.0,2.2857142857142856,0.0,0.0,,
2010-08-28,2009-2010,0.14285714285714285,1.7142857142857142,0.07142857142857142,0.07142857142857142,,
2010-09-04,2010-2011,0.14285714285714285,3.5714285714285716,0.07142857142857142,0.07142857142857142,,
2010-09-11,2010-2011,0.0,2.4285714285714284,0.0,0.0,,
2010-09-18,2010-2011,0.5714285714285714,4.714285714285714,0.2857142857142857,0.2857142857142857,,
2010-09-25,2010-2011,0.42857142857142855,4.571428571428571,0.21428571428571427,0.21428571428571427,,
2010-10-02,2010-2011,0.42857142857142855,4.428571428571429,0.21428571428571427,0.21428571428571427,,
2010-10-09,2010-2011,0.7142857142857143,6.714285714285714,0.35714285714285715,0.35714285714285715,,
2010-10-16,2010-2011,0.7142857142857143,7.428571428571429,0.35714285714285715,0.35714285714285715,,
2010-10-23,2010-2011,0.5714285714285714,8.142857142857142,0.2857142857142857,0.2857142857142857,,
2010-10-30,2010-2011,0.2857142857142857,8.0,0.14285714285714285,0.14285714285714285,,
2010-11-06,2010-2011,0.7142857142857143,11.285714285714286,0.35714285714285715,0.35714285714285715,,
2010-11-13,2010-2011,0.2857142857142857,12.0,0.14285714285714285,0.14285714285714285,,
2010-11-20,2010-2011,0.7142857142857143,15.142857142857142,0.35714285714285715,0.35714285714285715,,
2010-11-27,2010-2011,0.8571428571428571,12.142857142857142,0.42857142857142855,0.42857142857142855,,
2010-12-04,2010-2011,1.5714285714285714,13.0,0.7857142857142857,0.7857142857142857,,
2010-12-11,2010-2011,0.5714285714285714,15.571428571428571,0.2857142857142857,0.2857142857142857,,
2010-12-18,2010-2011,1.5714285714285714,25.428571428571427,0.7857142857142857,0.7857142857142857,,
2010-12-25,2010-2011,2.857142857142857,47.142857142857146,1.4285714285714286,1.4285714285714286,,
2011-01-01,2010-2011,6.857142857142857,82.57142857142857,3.4285714285714284,3.4285714285714284,,
2011-01-08,2010-2011,9.0,112.0,4.5,4.5,,
2011-01-15,2010-2011,8.571428571428571,151.57142857142858,4.285714285714286,4.285714285714286,,
2011-01-22,2010-2011,13.857142857142858,227.85714285714286,6.928571428571429,6.928571428571429,,
2011-01-29,2010-2011,17.285714285714285,309.42857142857144,8.642857142857142,8.642857142857142,,
2011-02-05,2010-2011,23.142857142857142,446.2857142857143,11.571428571428571,11.571428571428571,,
2011-02-12,2010-2011,28.714285714285715,471.85714285714283,14.357142857142858,14.357142857142858,,
2011-02-19,2010-2011,31.571428571428573,450.0,15.785714285714286,15.785714285714286,,
2011-02-26,2010-2011,26.0,314.85714285714283,13.0,13.0,,
2011-03-05,2010-2011,16.571428571428573,180.0,8.285714285714286,8.285714285714286,,
2011-03-12,2010-2011,9.0,103.0,4.5,4.5,,
2011-03-19,2010-2011,6.857142857142857,68.0,3.4285714285714284,3.4285714285714284,,
2011-03-26,2010-2011,5.857142857142857,44.142857142857146,2.9285714285714284,2.9285714285714284,,
2011-04-02,2010-2011,3.2857142857142856,24.571428571428573,1.6428571428571428,1.6428571428571428,,
2011-04-09,2010-2011,2.142857142857143,20.428571428571427,1.0714285714285714,1.0714285714285714,,
2011-04-16,2010-2011,2.2857142857142856,15.142857142857142,1.1428571428571428,1.1428571428571428,,
2011-04-23,2010-2011,0.7142857142857143,9.857142857142858,0.35714285714285715,0.35714285714285715,,
2011-04-30,2010-2011,0.7142857142857143,6.142857142857143,0.35714285714285715,0.35714285714285715,,
2011-05-07,2010-2011,0.14285714285714285,3.2857142857142856,0.07142857142857142,0.07142857142857142,,
2011-05-14,2010-2011,0.14285714285714285,3.0,0.07142857142857142,0.07142857142857142,,
2011-05-21,2010-2011,0.2857142857142857,3.142857142857143,0.14285714285714285,0.14285714285714285,,
2011-05-28,2010-2011,0.14285714285714285,2.2857142857142856,0.07142857142857142,0.07142857142857142,,
2011-06-04,2010-2011,0.0,1.8571428571428572,0.0,0.0,,
2011-06-11,2010-2011,0.2857142857142857,2.142857142857143,0.14285714285714285,0.14285714285714285,,
2011-06-18,2010-2011,0.0,1.2857142857142858,0.0,0.0,,
2011-06-25,2010-2011,0.14285714285714285,1.1428571428571428,0.07142857142857142,0.07142857142857142,,
2011-07-02,2010-2011,0.14285714285714285,1.1428571428571428,0.07142857142857142,0.07142857142857142,,
2011-07-09,2010-2011,0.42857142857142855,1.8571428571428572,0.21428571428571427,0.21428571428571427,,
2011-07-16,2010-2011,0.0,1.5714285714285714,0.0,0.0,,
2011-07-23,2010-2011,0.0,1.5714285714285714,0.0,0.0,,
2011-07-30,2010-2011,0.0,0.7142857142857143,0.0,0.0,,
2011-08-06,2010-2011,0.0,1.1428571428571428,0.0,0.0,,
2011-08-13,2010-2011,0.14285714285714285,1.2857142857142858,0.07142857142857142,0.07142857142857142,,
2011-08-20,2010-2011,0.0,2.2857142857142856,0.0,0.0,,
2011-08-27,2010-2011,0.0,1.0,0.0,0.0,,
2011-09-03,2011-2012,0.0,1.4285714285714286,0.0,0.0,,
2011-09-10,2011-2012,0.14285714285714285,2.7142857142857144,0.07142857142857142,0.07142857142857142,,
2011-09-17,2011-2012,0.42857142857142855,3.857142857142857,0.21428571428571427,0.21428571428571427,,
2011-09-24,2011-2012,0.2857142857142857,3.857142857142857,0.14285714285714285,0.14285714285714285,,
2011-10-01,2011-2012,0.42857142857142855,5.142857142857143,0.41447368421052627,0.014097744360902276,,
2011-10-08,2011-2012,0.0,5.571428571428571,0.0,0.0,0.0,0.0
2011-10-15,2011-2012,0.42857142857142855,6.0,0.21428571428571427,0.21428571428571427,0.21428571428571427,0.0
2011-10-22,2011-2012,0.42857142857142855,9.0,0.21428571428571427,0.21428571428571427,0.0,0.21428571428571427
2011-10-29,2011-2012,0.5714285714285714,8.714285714285714,0.2857142857142857,0.2857142857142857,0.2857142857142857,0.0
2011-11-05,2011-2012,0.2857142857142857,7.0,0.14285714285714285,0.14285714285714285,0.047619047619047616,0.09523809523809525
2011-11-12,2011-2012,1.0,9.571428571428571,0.9671052631578947,0.03289473684210531,0.9671052631578947,0.0
2011-11-19,2011-2012,0.7142857142857143,11.0,0.35714285714285715,0.35714285714285715,0.0,0.35714285714285715
2011-11-26,2011-2012,1.1428571428571428,9.571428571428571,0.5714285714285714,0.5714285714285714,0.0,0.5714285714285714
2011-12-03,2011-2012,0.14285714285714285,8.285714285714286,0.07142857142857142,0.07142857142857142,0.014285714285714285,0.05714285714285714
2011-12-10,2011-2012,0.5714285714285714,13.0,0.2857142857142857,0.2857142857142857,0.08163265306122448,0.20408163265306123
2011-12-17,2011-2012,1.1428571428571428,11.428571428571429,0.5714285714285714,0.5714285714285714,0.24489795918367344,0.32653061224489793
2011-12-24,2011-2012,0.5714285714285714,12.142857142857142,0.5526315789473684,0.018796992481203034,0.1381578947368421,0.41447368421052627
2011-12-31,2011-2012,1.1428571428571428,15.285714285714286,0.5714285714285714,0.5714285714285714,0.0,0.5714285714285714
2012-01-07,2011-2012,0.8571428571428571,17.571428571428573,0.42857142857142855,0.42857142857142855,0.10714285714285714,0.3214285714285714
2012-01-14,2011-2012,0.42857142857142855,15.0,0.21428571428571427,0.21428571428571427,0.0,0.21428571428571427
2012-01-21,2011-2012,1.0,16.714285714285715,0.5,0.5,0.15384615384615385,0.34615384615384615
2012-01-28,2011-2012,1.1428571428571428,13.571428571428571,0.5714285714285714,0.5714285714285714,0.21428571428571427,0.3571428571428571
2012-02-04,2011-2012,0.7142857142857143,11.428571428571429,0.6907894736842105,0.023496240601503793,0.1644736842105263,0.5263157894736842
2012-02-11,2011-2012,0.42857142857142855,12.714285714285714,0.21428571428571427,0.21428571428571427,0.08571428571428572,0.12857142857142856
2012-02-18,2011-2012,1.1428571428571428,18.285714285714285,0.5714285714285714,0.5714285714285714,0.24060150375939848,0.3308270676691729
2012-02-25,2011-2012,2.142857142857143,21.714285714285715,1.0714285714285714,1.0714285714285714,0.313588850174216,0.7578397212543554
2012-03-03,2011-2012,2.5714285714285716,24.142857142857142,1.2857142857142858,1.2857142857142858,0.2807881773399015,1.0049261083743841
2012-03-10,2011-2012,2.4285714285714284,28.285714285714285,1.2142857142857142,1.2142857142857142,0.42756539235412466,0.7867203219315895
2012-03-17,2011-2012,1.2857142857142858,25.857142857142858,1.243421052631579,0.04229323308270683,0.406503036437247,0.836918016194332
2012-03-24,2011-2012,1.5714285714285714,21.857142857142858,0.7857142857142857,0.7857142857142857,0.210801393728223,0.5749128919860627
2012-03-31,2011-2012,1.0,21.142857142857142,0.5,0.5,0.17307692307692307,0.3269230769230769
2012-04-07,2011-2012,1.1428571428571428,13.714285714285714,0.5714285714285714,0.5714285714285714,0.2597402597402597,0.3116883116883116
2012-04-14,2011-2012,1.7142857142857142,13.0,0.8571428571428571,0.8571428571428571,0.3214285714285714,0.5357142857142857
2012-04-21,2011-2012,0.7142857142857143,11.0,0.35714285714285715,0.35714285714285715,0.027472527472527476,0.3296703296703297
2012-04-28,2011-2012,0.8571428571428571,8.428571428571429,0.8289473684210525,0.02819548872180455,0.24177631578947367,0.5871710526315789
2012-05-05,2011-2012,0.7142857142857143,8.714285714285714,0.35714285714285715,0.35714285714285715,0.0744047619047619,0.28273809523809523
2012-05-12,2011-2012,0.7142857142857143,7.285714285714286,0.35714285714285715,0.35714285714285715,0.05494505494505495,0.3021978021978022
2012-05-19,2011-2012,0.5714285714285714,4.857142857142857,0.2857142857142857,0.2857142857142857,0.051948051948051945,0.23376623376623373
2012-05-26,2011-2012,0.42857142857142855,3.7142857142857144,0.21428571428571427,0.21428571428571427,0.02857142857142857,0.18571428571428572
2012-06-02,2011-2012,0.2857142857142857,4.428571428571429,0.14285714285714285,0.14285714285714285,0.0,0.14285714285714285
2012-06-09,2011-2012,0.0,3.5714285714285716,0.0,0.0,0.0,0.0
2012-06-16,2011-2012,0.14285714285714285,1.8571428571428572,0.07142857142857142,0.07142857142857142,0.023809523809523808,0.04761904761904762
2012-06-23,2011-2012,0.2857142857142857,1.5714285714285714,0.14285714285714285,0.14285714285714285,0.0,0.14285714285714285
2012-06-30,2011-2012,0.2857142857142857,1.5714285714285714,0.14285714285714285,0.14285714285714285,0.0,0.14285714285714285
2012-07-07,2011-2012,0.0,1.0,0.0,0.0,0.0,0.0
2012-07-14,2011-2012,0.14285714285714285,3.142857142857143,0.07142857142857142,0.07142857142857142,0.0,0.07142857142857142
2012-07-21,2011-2012,0.0,1.0,0.0,0.0,0.0,0.0
2012-07-28,2011-2012,0.0,1.5714285714285714,0.0,0.0,0.0,0.0
2012-08-04,2011-2012,0.2857142857142857,1.7142857142857142,0.14285714285714285,0.14285714285714285,0.0,0.14285714285714285
2012-08-11,2011-2012,0.14285714285714285,1.8571428571428572,0.07142857142857142,0.07142857142857142,0.0,0.07142857142857142
2012-08-18,2011-2012,0.14285714285714285,1.8571428571428572,0.07142857142857142,0.07142857142857142,0.023809523809523808,0.04761904761904762
2012-08-25,2011-2012,0.0,3.2857142857142856,0.0,0.0,0.0,0.0
2012-09-01,2012-2013,0.0,1.5714285714285714,0.0,0.0,0.0,0.0
2012-09-08,2012-2013,0.0,3.142857142857143,0.0,0.0,0.0,0.0
2012-09-15,2012-2013,0.14285714285714285,2.5714285714285716,0.07142857142857142,0.07142857142857142,0.07142857142857142,0.0
2012-09-22,2012-2013,0.0,4.428571428571429,0.0,0.0,0.0,0.0
2012-09-29,2012-2013,0.2857142857142857,6.285714285714286,0.14285714285714285,0.14285714285714285,0.10204081632653061,0.04081632653061224
2012-10-06,2012-2013,1.1428571428571428,9.0,0.8967874231032125,0.24606971975393027,0.26903622693096374,0.6277511961722487
2012-10-13,2012-2013,0.5714285714285714,11.428571428571429,0.44839371155160623,0.12303485987696514,0.11209842788790156,0.33629528366370465
2012-10-20,2012-2013,0.42857142857142855,9.857142857142858,0.3362952836637047,0.09227614490772386,0.02402109169026462,0.3122741919734401
2012-10-27,2012-2013,0.8571428571428571,10.857142857142858,0.6725905673274094,0.18455228981544772,0.033629528366370474,0.638961038961039
2012-11-03,2012-2013,0.8571428571428571,15.714285714285714,0.6725905673274094,0.18455228981544772,0.0,0.6725905673274094
2012-11-10,2012-2013,2.142857142857143,27.0,1.6814764183185236,0.4613807245386193,0.05095383085813708,1.6305225874603866
2012-11-17,2012-2013,4.285714285714286,65.42857142857143,3.362952836637047,0.9227614490772386,0.12228919405952898,3.240663642577518
2012-11-24,2012-2013,8.142857142857142,143.71428571428572,6.3896103896103895,1.7532467532467533,0.0,6.3896103896103895
2012-12-01,2012-2013,15.428571428571429,224.57142857142858,12.10663021189337,3.321941216678059,0.0,12.10663021189337
2012-12-08,2012-2013,35.42857142857143,536.1428571428571,27.80041011619959,7.62816131237184,0.2789338807645444,27.521476235435046
2012-12-15,2012-2013,34.57142857142857,598.8571428571429,27.12781954887218,7.443609022556391,0.3308270676691729,26.796992481203006
2012-12-22,2012-2013,43.57142857142857,562.2857142857143,34.190020505809976,9.381408065618592,0.1340785117874901,34.05594199402248
2012-12-29,2012-2013,51.42857142857143,502.85714285714283,40.355434039644564,11.073137388926863,1.5156970531321903,38.83973698651237
2013-01-05,2012-2013,39.285714285714285,348.7142857142857,30.82706766917293,8.458646616541353,1.1059037728851275,29.721163896287802
2013-01-12,2012-2013,33.42857142857143,280.42857142857144,26.23103212576897,7.197539302802461,0.8021722362620479,25.42885988950692
2013-01-19,2012-2013,21.428571428571427,193.28571428571428,16.814764183185233,4.613807245386193,0.40035152817107694,16.414412655014154
2013-01-26,2012-2013,8.428571428571429,104.71428571428571,6.613807245386193,1.814764183185236,0.2802460697197539,6.333561175666439
2013-02-02,2012-2013,7.0,80.0,5.492822966507177,1.5071770334928232,0.6433035906720117,4.849519375835165
2013-02-09,2012-2013,5.428571428571429,64.14285714285714,4.25974025974026,1.168831168831169,0.9528366370471635,3.306903622693097
2013-02-16,2012-2013,6.0,65.85714285714286,4.708133971291866,1.291866028708134,0.48704834185777923,4.221085629434087
2013-02-23,2012-2013,6.142857142857143,68.42857142857143,4.820232399179768,1.3226247436773755,1.1416339892794187,3.6785984099003497
2013-03-02,2012-2013,7.142857142857143,85.85714285714286,5.604921394395078,1.5379357484620644,1.4749793143144942,4.129942080080585
2013-03-09,2012-2013,7.714285714285714,100.85714285714286,6.053315105946685,1.6609706083390294,1.7024948735475052,4.35082023239918
2013-03-16,2012-2013,10.142857142857142,120.71428571428571,7.958988380041011,2.183868762816131,2.3582187792714104,5.6007696007696
2013-03-23,2012-2013,7.714285714285714,110.42857142857143,6.053315105946685,1.6609706083390294,1.8786150328800058,4.1747000730666795
2013-03-30,2012-2013,6.714285714285714,113.0,5.268626110731374,1.4456596035543405,2.1553470452991985,3.1132790654321747
2013-04-06,2012-2013,7.571428571428571,103.57142857142857,5.941216678058783,1.6302118933697882,2.096900004020747,3.8443166740380357
2013-04-13,2012-2013,5.285714285714286,58.142857142857146,4.147641831852358,1.1380724538619276,3.1107313738892683,1.0369104579630894
2013-04-20,2012-2013,2.142857142857143,32.57142857142857,1.6814764183185236,0.4613807245386193,1.2611073137388926,0.4203691045796309
2013-04-27,2012-2013,1.5714285714285714,15.714285714285714,1.2330827067669172,0.33834586466165417,1.2330827067669172,0.0
2013-05-04,2012-2013,1.5714285714285714,10.857142857142858,1.2330827067669172,0.33834586466165417,0.7398496240601503,0.4932330827067669
2013-05-11,2012-2013,0.8571428571428571,8.571428571428571,0.42857142857142855,0.42857142857142855,0.42857142857142855,0.0
2013-05-18,2012-2013,1.0,8.428571428571429,0.5,0.5,0.5,0.0
2013-05-25,2012-2013,1.0,6.142857142857143,0.5,0.5,0.3333333333333333,0.16666666666666669
2013-06-01,2012-2013,0.2857142857142857,5.714285714285714,0.14285714285714285,0.14285714285714285,0.11904761904761904,0.0238095238095238
2013-06-08,2012-2013,0.42857142857142855,4.714285714285714,0.21428571428571427,0.21428571428571427,0.21428571428571427,0.0
2013-06-15,2012-2013,0.14285714285714285,2.857142857142857,0.07142857142857142,0.07142857142857142,0.047619047619047616,0.02380952380952381
2013-06-22,2012-2013,0.14285714285714285,4.285714285714286,0.07142857142857142,0.07142857142857142,0.05357142857142857,0.017857142857142856
2013-06-29,2012-2013,0.2857142857142857,3.4285714285714284,0.14285714285714285,0.14285714285714285,0.047619047619047616,0.09523809523809525
2013-07-06,2012-2013,0.14285714285714285,2.7142857142857144,0.07142857142857142,0.07142857142857142,0.07142857142857142,0.0
2013-07-13,2012-2013,0.14285714285714285,3.142857142857143,0.07142857142857142,0.07142857142857142,0.023809523809523808,0.04761904761904762
2013-07-20,2012-2013,0.14285714285714285,3.857142857142857,0.07142857142857142,0.07142857142857142,0.03571428571428571,0.03571428571428571
2013-07-27,2012-2013,0.0,3.4285714285714284,0.0,0.0,0.0,0.0
2013-08-03,2012-2013,0.0,2.0,0.0,0.0,0.0,0.0
2013-08-10,2012-2013,0.0,2.5714285714285716,0.0,0.0,0.0,0.0
2013-08-17,2012-2013,0.2857142857142857,3.0,0.14285714285714285,0.14285714285714285,0.14285714285714285,0.0
2013-08-24,2012-2013,0.2857142857142857,3.2857142857142856,0.14285714285714285,0.14285714285714285,0.14285714285714285,0.0
2013-08-31,2012-2013,0.14285714285714285,3.7142857142857144,0.07142857142857142,0.07142857142857142,0.07142857142857142,0.0
2013-09-07,2013-2014,0.42857142857142855,6.428571428571429,0.21428571428571427,0.21428571428571427,0.21428571428571427,0.0
2013-09-14,2013-2014,0.8571428571428571,6.142857142857143,0.42857142857142855,0.42857142857142855,0.3928571428571428,0.035714285714285726
2013-09-21,2013-2014,0.5714285714285714,10.857142857142858,0.2857142857142857,0.2857142857142857,0.2857142857142857,0.0
2013-09-28,2013-2014,0.7142857142857143,11.142857142857142,0.35714285714285715,0.35714285714285715,0.35714285714285715,0.0
2013-10-05,2013-2014,0.7142857142857143,10.571428571428571,0.6671159029649596,0.047169811320754707,0.6526133833352866,0.014502519629673026
2013-10-12,2013-2014,0.42857142857142855,9.714285714285714,0.4002695417789757,0.028301886792452824,0.3891509433962264,0.01111859838274933
2013-10-19,2013-2014,0.7142857142857143,8.857142857142858,0.6671159029649596,0.047169811320754707,0.6671159029649596,0.0
2013-10-26,2013-2014,0.2857142857142857,11.571428571428571,0.2668463611859838,0.018867924528301883,0.2668463611859838,0.0
2013-11-02,2013-2014,0.8571428571428571,13.714285714285714,0.8005390835579514,0.05660377358490565,0.8005390835579514,0.0
2013-11-09,2013-2014,1.1428571428571428,14.142857142857142,1.0673854447439353,0.07547169811320753,1.0673854447439353,0.0
2013-11-16,2013-2014,1.2857142857142858,19.714285714285715,1.2008086253369272,0.08490566037735847,1.2008086253369272,0.0
2013-11-23,2013-2014,1.4285714285714286,27.714285714285715,1.3342318059299192,0.09433962264150941,1.3137051627617666,0.02052664316815253
2013-11-30,2013-2014,3.0,31.857142857142858,2.80188679245283,0.19811320754716977,2.7469478357380686,0.05493895671476149
2013-12-07,2013-2014,6.142857142857143,63.857142857142854,5.737196765498653,0.4056603773584905,5.576715737093096,0.16048102840555703
2013-12-14,2013-2014,8.0,85.85714285714286,7.471698113207547,0.5283018867924527,7.471698113207547,0.0
2013-12-21,2013-2014,12.857142857142858,166.14285714285714,12.008086253369273,0.8490566037735847,12.008086253369273,0.0
2013-12-28,2013-2014,24.142857142857142,294.2857142857143,22.548517520215633,1.594339622641509,22.548517520215633,0.0
2014-01-04,2013-2014,34.57142857142857,351.85714285714283,32.288409703504044,2.2830188679245276,31.93359201445455,0.35481768904949373
2014-01-11,2013-2014,33.57142857142857,329.14285714285717,31.3544474393531,2.216981132075471,31.232918573309092,0.12152886604400447
2014-01-18,2013-2014,24.0,307.7142857142857,22.41509433962264,1.5849056603773581,21.866153253754334,0.5489410858683087
2014-01-25,2013-2014,20.428571428571427,250.42857142857142,19.079514824797844,1.3490566037735845,18.845410348419957,0.23410447637788842
2014-02-01,2013-2014,18.0,184.57142857142858,16.81132075471698,1.1886792452830186,16.226579163248562,0.5847415914684171
2014-02-08,2013-2014,13.285714285714286,124.57142857142857,12.40835579514825,0.8773584905660375,11.980481457384517,0.42787433776373224
2014-02-15,2013-2014,9.142857142857142,86.85714285714286,8.539083557951482,0.6037735849056602,7.7900411405873164,0.7490424173641655
2014-02-22,2013-2014,7.428571428571429,74.14285714285714,6.938005390835579,0.49056603773584895,6.19464767038891,0.7433577204466689
2014-03-01,2013-2014,5.0,48.714285714285715,4.669811320754717,0.33018867924528295,4.232016509433962,0.4377948113207547
2014-03-08,2013-2014,3.5714285714285716,41.142857142857146,3.335579514824798,0.23584905660377353,2.4090296495956873,0.9265498652291105
2014-03-15,2013-2014,5.142857142857143,45.285714285714285,4.803234501347709,0.3396226415094339,4.483018867924528,0.32021563342318055
2014-03-22,2013-2014,3.857142857142857,34.42857142857143,3.602425876010782,0.2547169811320754,2.2924528301886795,1.3099730458221026
2014-03-29,2013-2014,4.285714285714286,35.714285714285715,4.002695417789758,0.28301886792452824,1.7154408933384675,2.28725452445129
2014-04-05,2013-2014,4.428571428571429,36.42857142857143,4.136118598382749,0.2924528301886792,2.658933384674625,1.4771852137081245
2014-04-12,2013-2014,2.5714285714285716,28.571428571428573,2.4016172506738545,0.16981132075471694,0.4002695417789757,2.001347708894879
2014-04-19,2013-2014,2.5714285714285716,23.571428571428573,2.4016172506738545,0.16981132075471694,0.9606469002695418,1.4409703504043125
2014-04-26,2013-2014,1.7142857142857142,21.0,1.601078167115903,0.1132075471698113,0.0,1.601078167115903
2014-05-03,2013-2014,0.7142857142857143,14.285714285714286,0.6671159029649596,0.047169811320754707,0.6671159029649596,0.0
2014-05-10,2013-2014,1.5714285714285714,11.0,0.7857142857142857,0.7857142857142857,0.7857142857142857,0.0
2014-05-17,2013-2014,0.5714285714285714,6.285714285714286,0.2857142857142857,0.2857142857142857,0.2857142857142857,0.0
2014-05-24,2013-2014,1.2857142857142858,6.428571428571429,0.6428571428571429,0.6428571428571429,0.0,0.6428571428571429
2014-05-31,2013-2014,0.8571428571428571,5.714285714285714,0.42857142857142855,0.42857142857142855,0.42857142857142855,0.0
2014-06-07,2013-2014,0.5714285714285714,3.7142857142857144,0.2857142857142857,0.2857142857142857,0.0,0.2857142857142857
2014-06-14,2013-2014,0.42857142857142855,3.0,0.21428571428571427,0.21428571428571427,0.0,0.21428571428571427
2014-06-21,2013-2014,0.7142857142857143,3.2857142857142856,0.35714285714285715,0.35714285714285715,0.0,0.35714285714285715
2014-06-28,2013-2014,0.2857142857142857,2.5714285714285716,0.14285714285714285,0.14285714285714285,0.0,0.14285714285714285
2014-07-05,2013-2014,0.42857142857142855,2.5714285714285716,0.21428571428571427,0.21428571428571427,0.0,0.21428571428571427
2014-07-12,2013-2014,0.14285714285714285,1.8571428571428572,0.07142857142857142,0.07142857142857142,0.07142857142857142,0.0
2014-07-19,2013-2014,0.14285714285714285,1.8571428571428572,0.07142857142857142,0.07142857142857142,0.0,0.07142857142857142
2014-07-26,2013-2014,0.0,1.4285714285714286,0.0,0.0,0.0,0.0
2014-08-02,2013-2014,0.0,1.2857142857142858,0.0,0.0,0.0,0.0
2014-08-09,2013-2014,0.2857142857142857,1.4285714285714286,0.14285714285714285,0.14285714285714285,0.0,0.14285714285714285
2014-08-16,2013-2014,0.2857142857142857,1.7142857142857142,0.14285714285714285,0.14285714285714285,0.0,0.14285714285714285
2014-08-23,2013-2014,0.2857142857142857,3.0,0.14285714285714285,0.14285714285714285,0.14285714285714285,0.0
2014-08-30,2013-2014,0.2857142857142857,2.4285714285714284,0.14285714285714285,0.14285714285714285,0.0,0.14285714285714285
2014-09-06,2014-2015,0.2857142857142857,2.4285714285714284,0.14285714285714285,0.14285714285714285,0.14285714285714285,0.0
2014-09-13,2014-2015,0.0,4.714285714285714,0.0,0.0,0.0,0.0
2014-09-20,2014-2015,0.7142857142857143,5.857142857142857,0.35714285714285715,0.35714285714285715,0.0,0.35714285714285715
2014-09-27,2014-2015,1.0,10.142857142857142,0.5,0.5,0.0,0.5
2014-10-04,2014-2015,0.7142857142857143,6.857142857142857,0.35714285714285715,0.35714285714285715,0.0,0.35714285714285715
2014-10-11,2014-2015,0.5714285714285714,9.142857142857142,0.2857142857142857,0.2857142857142857,0.0,0.2857142857142857
2014-10-18,2014-2015,0.8571428571428571,7.857142857142857,0.42857142857142855,0.42857142857142855,0.0,0.42857142857142855
2014-10-25,2014-2015,0.14285714285714285,12.714285714285714,0.07142857142857142,0.07142857142857142,0.0019305019305019305,0.0694980694980695
2014-11-01,2014-2015,1.4285714285714286,12.714285714285714,0.7142857142857143,0.7142857142857143,0.0,0.7142857142857143
2014-11-08,2014-2015,1.7142857142857142,12.714285714285714,1.0,0.7142857142857142,0.010869565217391304,0.9891304347826086
2014-11-15,2014-2015,1.8571428571428572,21.0,1.3412698412698414,0.5158730158730159,0.0,1.3412698412698414
2014-11-22,2014-2015,1.0,30.285714285714285,0.851063829787234,0.14893617021276595,0.0,0.851063829787234
2014-11-29,2014-2015,4.714285714285714,66.85714285714286,4.139372822299651,0.5749128919860628,0.0,4.139372822299651
2014-12-06,2014-2015,7.142857142857143,84.71428571428571,6.516290726817043,0.6265664160401007,0.019686678932982003,6.496604047884061
2014-12-13,2014-2015,15.285714285714286,140.28571428571428,14.257527226137093,1.0281870595771938,0.0,14.257527226137093
2014-12-20,2014-2015,32.57142857142857,361.14285714285717,31.485714285714284,1.0857142857142854,0.0,31.485714285714284
2014-12-27,2014-2015,78.14285714285714,730.0,75.5807962529274,2.5620608899297452,0.0,75.5807962529274
2015-01-03,2014-2015,91.42857142857143,639.0,87.08129908724263,4.34727234132881,0.28273149054299557,86.79856759669963
2015-01-10,2014-2015,56.714285714285715,406.7142857142857,55.38296445338699,1.331321260898726,0.22980483175679248,55.153159621630195
2015-01-17,2014-2015,34.57142857142857,344.0,33.462184873949575,1.109243697478992,0.0,33.462184873949575
2015-01-24,2014-2015,30.714285714285715,309.85714285714283,29.283496007098492,1.4307897071872238,0.18417293086225467,29.09932307623624
2015-01-31,2014-2015,18.857142857142858,221.57142857142858,18.00387847446671,0.8532643826761465,0.13536750732681735,17.86851096713989
2015-02-07,2014-2015,20.857142857142858,194.71428571428572,19.44787644787645,1.409266409266409,0.24309845559845564,19.204777992277997
2015-02-14,2014-2015,21.142857142857142,161.85714285714286,17.493836113125454,3.649021029731689,0.0,17.493836113125454
2015-02-21,2014-2015,16.285714285714285,124.85714285714286,12.260032102728731,4.0256821829855545,0.21508828250401282,12.044943820224718
2015-02-28,2014-2015,15.714285714285714,95.71428571428571,12.32,3.3942857142857137,0.0,12.32
2015-03-07,2014-2015,11.428571428571429,80.57142857142857,5.644599303135888,5.7839721254355405,0.0,5.644599303135888
2015-03-14,2014-2015,10.285714285714286,75.0,2.77992277992278,7.505791505791506,0.0,2.77992277992278
2015-03-21,2014-2015,7.285714285714286,55.142857142857146,2.3418367346938775,4.9438775510204085,0.0,2.3418367346938775
2015-03-28,2014-2015,5.571428571428571,54.57142857142857,1.4625,4.108928571428572,0.0,1.4625
2015-04-04,2014-2015,4.142857142857143,37.57142857142857,0.8189368770764119,3.323920265780731,0.40946843853820597,0.40946843853820597
2015-04-11,2014-2015,6.285714285714286,38.714285714285715,1.4637964774951076,4.821917808219178,0.48793215916503585,0.9758643183300718
2015-04-18,2014-2015,2.857142857142857,26.857142857142858,0.6516290726817042,2.2055137844611528,0.0,0.6516290726817042
2015-04-25,2014-2015,2.0,14.571428571428571,1.0285714285714285,0.9714285714285715,0.0,1.0285714285714285
2015-05-02,2014-2015,2.142857142857143,13.428571428571429,0.7894736842105262,1.3533834586466165,0.7894736842105262,0.0
2015-05-09,2014-2015,1.0,11.0,0.4827586206896552,0.5172413793103448,0.0,0.4827586206896552
2015-05-16,2014-2015,2.0,8.142857142857142,1.3636363636363635,0.6363636363636365,1.3636363636363635,0.0
2015-05-23,2014-2015,1.0,7.285714285714286,0.5,0.5,0.0,0.5
2015-05-30,2014-2015,0.8571428571428571,3.7142857142857144,0.42857142857142855,0.42857142857142855,0.0,0.42857142857142855
2015-06-06,2014-2015,0.14285714285714285,3.5714285714285716,0.07142857142857142,0.07142857142857142,0.0,0.07142857142857142
2015-06-13,2014-2015,0.5714285714285714,4.571428571428571,0.2857142857142857,0.2857142857142857,0.2857142857142857,0.0
2015-06-20,2014-2015,0.14285714285714285,2.0,0.07142857142857142,0.07142857142857142,0.0,0.07142857142857142
2015-06-27,2014-2015,0.2857142857142857,2.0,0.14285714285714285,0.14285714285714285,0.047619047619047616,0.09523809523809525
2015-07-04,2014-2015,0.14285714285714285,1.0,0.07142857142857142,0.07142857142857142,0.05357142857142857,0.017857142857142856
2015-07-11,2014-2015,0.14285714285714285,0.8571428571428571,0.07142857142857142,0.07142857142857142,0.07142857142857142,0.0
2015-07-18,2014-2015,0.2857142857142857,2.4285714285714284,0.14285714285714285,0.14285714285714285,0.047619047619047616,0.09523809523809525
2015-07-25,2014-2015,0.2857142857142857,1.2857142857142858,0.14285714285714285,0.14285714285714285,0.0,0.14285714285714285
2015-08-01,2014-2015,0.14285714285714285,1.4285714285714286,0.07142857142857142,0.07142857142857142,0.03571428571428571,0.03571428571428571
2015-08-08,2014-2015,0.42857142857142855,2.142857142857143,0.21428571428571427,0.21428571428571427,0.08571428571428572,0.12857142857142856
2015-08-15,2014-2015,0.14285714285714285,1.1428571428571428,0.07142857142857142,0.07142857142857142,0.0,0.07142857142857142
2015-08-22,2014-2015,0.42857142857142855,2.4285714285714284,0.21428571428571427,0.21428571428571427,0.10714285714285714,0.10714285714285714
2015-08-29,2014-2015,0.14285714285714285,1.0,0.07142857142857142,0.07142857142857142,0.023809523809523808,0.04761904761904762
2015-09-05,2015-2016,0.7142857142857143,3.7142857142857144,0.35714285714285715,0.35714285714285715,0.0,0.35714285714285715
2015-09-12,2015-2016,0.5714285714285714,3.2857142857142856,0.2857142857142857,0.2857142857142857,0.0,0.2857142857142857
2015-09-19,2015-2016,1.2857142857142858,5.285714285714286,0.6428571428571429,0.6428571428571429,0.6428571428571429,0.0
2015-09-26,2015-2016,0.8571428571428571,7.428571428571429,0.42857142857142855,0.42857142857142855,0.0,0.42857142857142855
2015-10-03,2015-2016,0.7142857142857143,9.857142857142858,0.35714285714285715,0.35714285714285715,0.0,0.35714285714285715
2015-10-10,2015-2016,2.0,12.428571428571429,1.0,1.0,0.0,1.0
2015-10-17,2015-2016,0.7142857142857143,7.857142857142857,0.35714285714285715,0.35714285714285715,0.07142857142857144,0.28571428571428575
2015-10-24,2015-2016,2.857142857142857,13.571428571428571,1.4285714285714286,1.4285714285714286,0.0,1.4285714285714286
2015-10-31,2015-2016,2.0,13.571428571428571,1.0,1.0,0.0,1.0
2015-11-07,2015-2016,1.2857142857142858,16.142857142857142,0.0,1.2857142857142858,0.0,0.0
2015-11-14,2015-2016,2.4285714285714284,15.428571428571429,0.4047619047619047,2.0238095238095237,0.0,0.4047619047619047
2015-11-21,2015-2016,1.4285714285714286,18.0,0.7142857142857143,0.7142857142857143,0.7142857142857143,0.0
2015-11-28,2015-2016,2.2857142857142856,16.571428571428573,0.0,2.2857142857142856,0.0,0.0
2015-12-05,2015-2016,1.8571428571428572,21.0,0.0,1.8571428571428572,0.0,0.0
2015-12-12,2015-2016,2.0,20.0,0.0,2.0,0.0,0.0
2015-12-19,2015-2016,2.0,17.142857142857142,0.0,2.0,0.0,0.0
2015-12-26,2015-2016,2.7142857142857144,16.428571428571427,0.0,2.7142857142857144,0.0,0.0
2016-01-02,2015-2016,4.285714285714286,25.857142857142858,0.9523809523809523,3.3333333333333335,0.6349206349206349,0.3174603174603175
2016-01-09,2015-2016,3.0,21.571428571428573,1.5,1.5,1.3333333333333333,0.16666666666666674
2016-01-16,2015-2016,1.7142857142857142,19.857142857142858,1.1020408163265307,0.6122448979591836,0.6612244897959184,0.4408163265306123
2016-01-23,2015-2016,2.0,25.428571428571427,1.25,0.75,0.9375,0.3125
2016-01-30,2015-2016,4.142857142857143,23.714285714285715,3.0526315789473686,1.0902255639097747,2.2648556876061123,0.7877758913412564
2016-02-06,2015-2016,5.428571428571429,28.857142857142858,3.9915966386554627,1.4369747899159662,3.0239368474662593,0.9676597911892031
2016-02-13,2015-2016,5.0,36.714285714285715,3.2558139534883725,1.7441860465116277,2.7023255813953493,0.5534883720930235
2016-02-20,2015-2016,11.142857142857142,79.0,10.068846815834767,1.0740103270223749,8.668543616281587,1.40030319955318
2016-02-27,2015-2016,20.857142857142858,132.14285714285714,18.592653061224492,2.264489795918367,16.25231910946197,2.340333951762523
2016-03-05,2015-2016,31.142857142857142,207.85714285714286,27.296528173022196,3.846328969834946,23.947260912528677,3.34926726049352
2016-03-12,2015-2016,67.85714285714286,349.14285714285717,61.75000000000001,6.107142857142855,53.39734299516908,8.352657004830922
2016-03-19,2015-2016,46.714285714285715,277.85714285714283,39.198738170347006,7.515547543938712,36.44257689274448,2.7561612776025237
2016-03-26,2015-2016,35.57142857142857,227.85714285714286,30.18181818181818,5.389610389610389,25.619450317124734,4.562367864693448
2016-04-02,2015-2016,31.142857142857142,183.85714285714286,22.551724137931036,8.591133004926109,19.52238805970149,3.0293360782295435
2016-04-09,2015-2016,20.714285714285715,118.0,14.107142857142858,6.607142857142858,10.50531914893617,3.6018237082066875
2016-04-16,2015-2016,18.428571428571427,97.14285714285714,12.564935064935064,5.863636363636364,9.423701298701298,3.141233766233766
2016-04-23,2015-2016,18.857142857142858,118.57142857142857,10.20352250489237,8.653620352250488,8.219504240052187,1.9840182648401827
2016-04-30,2015-2016,14.571428571428571,92.42857142857143,5.627586206896551,8.943842364532019,4.220689655172413,1.4068965517241379
2016-05-07,2015-2016,8.428571428571429,59.0,2.9316770186335406,5.496894409937888,1.5429879045439687,1.3886891140895719
2016-05-14,2015-2016,7.857142857142857,41.714285714285715,1.6176470588235292,6.239495798319328,0.38312693498452005,1.234520123839009
2016-05-21,2015-2016,5.571428571428571,30.142857142857142,2.387755102040816,3.1836734693877546,0.20466472303206995,2.183090379008746
2016-05-28,2015-2016,4.571428571428571,26.428571428571427,2.2857142857142856,2.2857142857142856,0.0,2.2857142857142856
2016-06-04,2015-2016,4.428571428571429,19.285714285714285,2.2142857142857144,2.2142857142857144,0.7380952380952381,1.4761904761904765
2016-06-11,2015-2016,2.2857142857142856,10.0,1.1428571428571428,1.1428571428571428,0.0,1.1428571428571428
2016-06-18,2015-2016,2.2857142857142856,8.857142857142858,1.1428571428571428,1.1428571428571428,0.0,1.1428571428571428
2016-06-25,2015-2016,0.8571428571428571,5.428571428571429,0.42857142857142855,0.42857142857142855,0.42857142857142855,0.0
2016-07-02,2015-2016,0.7142857142857143,6.285714285714286,0.35714285714285715,0.35714285714285715,0.35714285714285715,0.0
2016-07-09,2015-2016,1.1428571428571428,3.7142857142857144,0.5714285714285714,0.5714285714285714,0.0,0.5714285714285714
2016-07-16,2015-2016,1.2857142857142858,3.7142857142857144,0.6428571428571429,0.6428571428571429,0.16071428571428573,0.4821428571428572
2016-07-23,2015-2016,1.0,3.142857142857143,0.5,0.5,0.5,0.0
2016-07-30,2015-2016,0.8571428571428571,2.5714285714285716,0.42857142857142855,0.42857142857142855,0.42857142857142855,0.0
2016-08-06,2015-2016,1.2857142857142858,3.2857142857142856,0.6428571428571429,0.6428571428571429,0.6428571428571429,0.0
2016-08-13,2015-2016,0.42857142857142855,2.5714285714285716,0.21428571428571427,0.21428571428571427,0.10714285714285714,0.10714285714285714
2016-08-20,2015-2016,0.42857142857142855,1.8571428571428572,0.21428571428571427,0.21428571428571427,0.10714285714285714,0.10714285714285714
2016-08-27,2015-2016,0.14285714285714285,2.857142857142857,0.07142857142857142,0.07142857142857142,0.014285714285714285,0.05714285714285714
2016-09-03,2016-2017,0.2857142857142857,2.4285714285714284,0.14285714285714285,0.14285714285714285,0.09523809523809523,0.04761904761904762
2016-09-10,2016-2017,1.1428571428571428,3.2857142857142856,0.5714285714285714,0.5714285714285714,0.09523809523809523,0.47619047619047616
2016-09-17,2016-2017,1.1428571428571428,7.142857142857143,0.5714285714285714,0.5714285714285714,0.19047619047619047,0.380952380952381
2016-09-24,2016-2017,1.0,8.142857142857142,0.5,0.5,0.05555555555555555,0.4444444444444444
2016-10-01,2016-2017,1.1428571428571428,6.714285714285714,0.5714285714285714,0.5714285714285714,0.047619047619047616,0.5238095238095237
2016-10-08,2016-2017,1.5714285714285714,9.285714285714286,0.7857142857142857,0.7857142857142857,0.06547619047619047,0.7202380952380952
2016-10-15,2016-2017,1.1428571428571428,12.142857142857142,0.5714285714285714,0.5714285714285714,0.0,0.5714285714285714
2016-10-22,2016-2017,2.2857142857142856,12.428571428571429,1.1428571428571428,1.1428571428571428,0.12698412698412698,1.0158730158730158
2016-10-29,2016-2017,1.8571428571428572,11.571428571428571,0.9285714285714286,0.9285714285714286,0.0,0.9285714285714286
2016-11-05,2016-2017,2.7142857142857144,14.571428571428571,1.3571428571428572,1.3571428571428572,0.0,1.3571428571428572
2016-11-12,2016-2017,2.0,17.0,1.0,1.0,0.16666666666666666,0.8333333333333334
2016-11-19,2016-2017,3.857142857142857,21.714285714285715,1.9285714285714286,1.9285714285714286,0.1607142857142857,1.7678571428571428
2016-11-26,2016-2017,3.857142857142857,21.571428571428573,1.9285714285714286,1.9285714285714286,0.1377551020408163,1.7908163265306123
2016-12-03,2016-2017,5.571428571428571,28.857142857142858,2.7857142857142856,2.7857142857142856,0.07330827067669173,2.712406015037594
2016-12-10,2016-2017,4.285714285714286,32.142857142857146,3.2142857142857144,1.0714285714285714,0.15306122448979592,3.061224489795918
2016-12-17,2016-2017,8.142857142857142,47.142857142857146,6.717857142857142,1.4250000000000003,0.1429331306990881,6.574924012158053
2016-12-24,2016-2017,15.285714285714286,83.14285714285714,13.63617677286742,1.6495375128468655,0.4596464080741827,13.176530364793239
2016-12-31,2016-2017,24.428571428571427,133.57142857142858,21.247767857142854,3.180803571428572,0.6374330357142856,20.61033482142857
2017-01-07,2016-2017,23.714285714285715,117.42857142857143,21.158254918733963,2.5560307955517527,0.7295949971977228,20.42865992153624
2017-01-14,2016-2017,22.857142857142858,129.0,19.215070643642072,3.642072213500785,0.41546098688955835,18.799609656752512
2017-01-21,2016-2017,24.571428571428573,156.14285714285714,22.057142857142857,2.514285714285715,0.9426129426129426,21.114529914529914
2017-01-28,2016-2017,23.0,159.57142857142858,19.544041450777204,3.4559585492227973,0.7445349124105602,18.799506538366643
2017-02-04,2016-2017,32.57142857142857,241.14285714285714,29.514563106796114,3.0568654646324545,0.6682542590217988,28.846308847774317
2017-02-11,2016-2017,67.42857142857143,505.85714285714283,58.331968200433636,9.096603228137797,2.194306013809416,56.13766218662422
2017-02-18,2016-2017,93.85714285714286,683.2857142857143,77.90994997220679,15.947192884936072,2.1462796135594155,75.76367035864737
2017-02-25,2016-2017,114.14285714285714,827.7142857142857,90.19227653254119,23.95058061031596,7.012268148642612,83.18000838389857
2017-03-04,2016-2017,82.42857142857143,578.1428571428571,62.430348811375254,19.99822261719618,2.3495292563420795,60.08081955503317
2017-03-11,2016-2017,73.71428571428571,503.0,51.139285714285705,22.575,2.9763605442176866,48.16292517006802
2017-03-18,2016-2017,64.14285714285714,461.42857142857144,37.06031746031746,27.082539682539686,1.8685874349739895,35.19173002534347
2017-03-25,2016-2017,72.28571428571429,565.2857142857143,35.07123604158645,37.21447824412784,1.7426701138676497,33.328565927718806
2017-04-01,2016-2017,65.57142857142857,478.2857142857143,26.228571428571428,39.34285714285714,1.5131868131868131,24.715384615384615
2017-04-08,2016-2017,30.428571428571427,234.0,10.240384615384615,20.18818681318681,0.39386094674556216,9.846523668639053
2017-04-15,2016-2017,16.857142857142858,144.28571428571428,5.653310104529617,11.20383275261324,0.20190393230462916,5.4514061722249885
2017-04-22,2016-2017,10.714285714285714,73.71428571428571,2.849544072948328,7.864741641337385,0.0,2.849544072948328
2017-04-29,2016-2017,5.285714285714286,38.714285714285715,1.4535714285714287,3.832142857142857,0.11181318681318683,1.3417582417582419
2017-05-06,2016-2017,2.2857142857142856,20.428571428571427,0.48120300751879697,1.8045112781954886,0.0,0.48120300751879697
2017-05-13,2016-2017,1.8571428571428572,14.571428571428571,0.9285714285714286,0.9285714285714286,0.0,0.9285714285714286
2017-05-20,2016-2017,1.2857142857142858,9.0,0.6428571428571429,0.6428571428571429,0.0,0.6428571428571429
2017-05-27,2016-2017,1.0,5.571428571428571,0.5,0.5,0.08333333333333333,0.4166666666666667
2017-06-03,2016-2017,0.7142857142857143,6.428571428571429,0.35714285714285715,0.35714285714285715,0.0,0.35714285714285715
2017-06-10,2016-2017,0.8571428571428571,6.0,0.42857142857142855,0.42857142857142855,0.0,0.42857142857142855
2017-06-17,2016-2017,1.4285714285714286,5.142857142857143,0.7142857142857143,0.7142857142857143,0.0,0.7142857142857143
2017-06-24,2016-2017,0.42857142857142855,1.7142857142857142,0.21428571428571427,0.21428571428571427,0.03061224489795918,0.1836734693877551
2017-07-01,2016-2017,0.42857142857142855,3.142857142857143,0.21428571428571427,0.21428571428571427,0.023809523809523808,0.19047619047619047
2017-07-08,2016-2017,0.42857142857142855,2.0,0.21428571428571427,0.21428571428571427,0.04285714285714286,0.17142857142857143
2017-07-15,2016-2017,1.2857142857142858,2.7142857142857144,0.6428571428571429,0.6428571428571429,0.1168831168831169,0.525974025974026
2017-07-22,2016-2017,0.42857142857142855,2.142857142857143,0.21428571428571427,0.21428571428571427,0.07142857142857142,0.14285714285714288
2017-07-29,2016-2017,0.42857142857142855,1.4285714285714286,0.21428571428571427,0.21428571428571427,0.02142857142857143,0.19285714285714284
2017-08-05,2016-2017,1.1428571428571428,1.8571428571428572,0.5714285714285714,0.5714285714285714,0.03809523809523809,0.5333333333333333
2017-08-12,2016-2017,1.0,2.0,0.5,0.5,0.0,0.5
2017-08-19,2016-2017,0.42857142857142855,1.5714285714285714,0.21428571428571427,0.21428571428571427,0.0,0.21428571428571427
2017-08-26,2016-2017,0.42857142857142855,1.7142857142857142,0.21428571428571427,0.21428571428571427,0.03061224489795918,0.1836734693877551
2017-09-02,2017-2018,0.14285714285714285,1.7142857142857142,0.07142857142857142,0.07142857142857142,0.017857142857142856,0.05357142857142857
2017-09-09,2017-2018,2.0,3.7142857142857144,1.0,1.0,0.1875,0.8125
2017-09-16,2017-2018,0.8571428571428571,3.4285714285714284,0.42857142857142855,0.42857142857142855,0.047619047619047616,0.38095238095238093
2017-09-23,2017-2018,2.4285714285714284,8.0,1.2142857142857142,1.2142857142857142,0.0,1.2142857142857142
2017-09-30,2017-2018,2.5714285714285716,10.285714285714286,1.2857142857142858,1.2857142857142858,0.3085714285714286,0.9771428571428572
2017-10-07,2017-2018,2.4285714285714284,11.285714285714286,1.2142857142857142,1.2142857142857142,0.3695652173913043,0.8447204968944099
2017-10-14,2017-2018,2.5714285714285716,18.714285714285715,1.2857142857142858,1.2857142857142858,0.32142857142857145,0.9642857142857144
2017-10-21,2017-2018,4.0,21.142857142857142,2.0,2.0,0.3125,1.6875
2017-10-28,2017-2018,3.0,21.0,1.5,1.5,0.40909090909090906,1.0909090909090908
2017-11-04,2017-2018,4.714285714285714,23.0,2.357142857142857,2.357142857142857,0.38018433179723504,1.9769585253456223
2017-11-11,2017-2018,4.571428571428571,29.857142857142858,2.2857142857142856,2.2857142857142856,0.49689440993788814,1.7888198757763976
2017-11-18,2017-2018,6.142857142857143,37.0,3.7229437229437234,2.41991341991342,1.6450216450216453,2.077922077922078
2017-11-25,2017-2018,7.285714285714286,42.142857142857146,4.857142857142857,2.428571428571429,1.2781954887218043,3.5789473684210527
2017-12-02,2017-2018,10.285714285714286,50.285714285714285,5.142857142857143,5.142857142857143,1.1814671814671815,3.961389961389962
2017-12-09,2017-2018,10.857142857142858,57.57142857142857,8.142857142857142,2.7142857142857144,1.3133640552995391,6.829493087557603
2017-12-16,2017-2018,13.428571428571429,82.14285714285714,11.051833122629583,2.3767383059418465,2.420877731623623,8.63095539100596
2017-12-23,2017-2018,33.57142857142857,180.28571428571428,27.084195997239476,6.487232574189094,4.8982056590752245,22.185990338164252
2017-12-30,2017-2018,53.42857142857143,270.57142857142856,47.17754651529486,6.251024913276572,6.396955459700997,40.78059105559386
2018-01-06,2017-2018,67.57142857142857,346.57142857142856,59.15382740126768,8.417601170160895,14.963814046170478,44.1900133550972
2018-01-13,2017-2018,103.0,564.8571428571429,92.83918918918918,10.16081081081081,17.208179231863443,75.63100995732574
2018-01-20,2017-2018,124.85714285714286,733.0,109.52380952380952,15.33333333333334,21.428571428571427,88.09523809523809
2018-01-27,2017-2018,128.0,931.7142857142857,109.27286027798098,18.727139722019018,23.66418630223792,85.60867397574307
2018-02-03,2017-2018,145.0,1170.142857142857,117.51940491591203,27.480595084087966,28.923844668883007,88.59556024702903
2018-02-10,2017-2018,158.57142857142858,1248.0,122.40410958904111,36.16731898238748,33.11729224955489,89.28681733948622
2018-02-17,2017-2018,143.14285714285714,1119.4285714285713,95.17419214448917,47.96866499836797,28.21369332346517,66.96049882102399
2018-02-24,2017-2018,76.85714285714286,636.0,44.90988427243408,31.947258584708784,14.687509321802338,30.22237495063174
2018-03-03,2017-2018,43.142857142857146,307.42857142857144,25.6933575978162,17.449499545040947,10.121625720351835,15.571731877464364
2018-03-10,2017-2018,31.428571428571427,232.71428571428572,19.383259911894275,12.045311516677154,8.449113294928274,10.934146616966
2018-03-17,2017-2018,32.42857142857143,219.85714285714286,17.665037593984966,14.763533834586466,7.949266917293235,9.715770676691733
2018-03-24,2017-2018,31.714285714285715,222.0,11.945714285714285,19.768571428571427,2.3891428571428572,9.556571428571429
2018-03-31,2017-2018,32.857142857142854,225.42857142857142,11.862163395709722,20.994979461433132,3.954054465236574,7.908108930473149
2018-04-07,2017-2018,27.0,159.0,11.110619469026547,15.889380530973453,4.3476337052712575,6.76298576375529
2018-04-14,2017-2018,15.142857142857142,96.42857142857143,4.62152133580705,10.521335807050091,1.386456400742115,3.2350649350649348
2018-04-21,2017-2018,11.714285714285714,68.57142857142857,3.6354679802955663,8.078817733990148,1.6157635467980294,2.019704433497537
2018-04-28,2017-2018,9.285714285714286,54.57142857142857,3.388030888030888,5.897683397683398,2.2586872586872584,1.1293436293436294
2018-05-05,2017-2018,4.571428571428571,33.142857142857146,1.291925465838509,3.279503105590062,1.291925465838509,0.0
2018-05-12,2017-2018,5.285714285714286,24.714285714285715,1.3703703703703702,3.915343915343915,0.6851851851851851,0.6851851851851851
2018-05-19,2017-2018,3.0,15.0,1.5,1.5,1.0,0.5
2018-05-26,2017-2018,1.5714285714285714,9.428571428571429,0.7857142857142857,0.7857142857142857,0.6285714285714286,0.1571428571428571
2018-06-02,2017-2018,1.1428571428571428,5.857142857142857,0.5714285714285714,0.5714285714285714,0.5714285714285714,0.0
2018-06-09,2017-2018,1.8571428571428572,5.714285714285714,0.9285714285714286,0.9285714285714286,0.9285714285714286,0.0
2018-06-16,2017-2018,1.4285714285714286,5.285714285714286,0.7142857142857143,0.7142857142857143,0.7142857142857143,0.0
2018-06-23,2017-2018,1.2857142857142858,4.0,0.6428571428571429,0.6428571428571429,0.6428571428571429,0.0
2018-06-30,2017-2018,1.4285714285714286,4.285714285714286,0.7142857142857143,0.7142857142857143,0.7142857142857143,0.0
2018-07-07,2017-2018,0.7142857142857143,2.0,0.35714285714285715,0.35714285714285715,0.35714285714285715,0.0
2018-07-14,2017-2018,1.1428571428571428,2.5714285714285716,0.5714285714285714,0.5714285714285714,0.5714285714285714,0.0
2018-07-21,2017-2018,0.7142857142857143,2.0,0.35714285714285715,0.35714285714285715,0.35714285714285715,0.0
2018-07-28,2017-2018,1.0,2.5714285714285716,0.5,0.5,0.5,0.0
2018-08-04,2017-2018,0.7142857142857143,2.142857142857143,0.35714285714285715,0.35714285714285715,0.35714285714285715,0.0
2018-08-11,2017-2018,0.42857142857142855,1.4285714285714286,0.21428571428571427,0.21428571428571427,0.21428571428571427,0.0
2018-08-18,2017-2018,0.5714285714285714,1.7142857142857142,0.2857142857142857,0.2857142857142857,0.2857142857142857,0.0
2018-08-25,2017-2018,0.7142857142857143,2.5714285714285716,0.35714285714285715,0.35714285714285715,0.35714285714285715,0.0
2018-09-01,2018-2019,0.2857142857142857,2.2857142857142856,0.14285714285714285,0.14285714285714285,0.14285714285714285,0.0
2018-09-08,2018-2019,0.2857142857142857,2.2857142857142856,0.14285714285714285,0.14285714285714285,0.0,0.14285714285714285
2018-09-15,2018-2019,1.5714285714285714,6.142857142857143,0.7857142857142857,0.7857142857142857,0.7857142857142857,0.0
2018-09-22,2018-2019,1.5714285714285714,7.714285714285714,0.7857142857142857,0.7857142857142857,0.5238095238095237,0.2619047619047619
2018-09-29,2018-2019,2.5714285714285716,8.571428571428571,1.2857142857142858,1.2857142857142858,0.8571428571428572,0.42857142857142866
2018-10-06,2018-2019,3.142857142857143,12.714285714285714,1.5714285714285714,1.5714285714285714,1.5714285714285714,0.0
2018-10-13,2018-2019,3.142857142857143,16.857142857142858,1.5714285714285714,1.5714285714285714,1.5714285714285714,0.0
2018-10-20,2018-2019,4.428571428571429,20.428571428571427,2.2142857142857144,2.2142857142857144,1.2653061224489797,0.9489795918367349
2018-10-27,2018-2019,5.571428571428571,25.142857142857142,2.7857142857142856,2.7857142857142856,1.7727272727272727,1.0129870129870129
2018-11-03,2018-2019,4.714285714285714,25.0,2.357142857142857,2.357142857142857,1.7285714285714284,0.6285714285714287
2018-11-10,2018-2019,5.857142857142857,33.0,2.9285714285714284,2.9285714285714284,1.1388888888888888,1.7896825396825398
2018-11-17,2018-2019,4.285714285714286,30.714285714285715,2.142857142857143,2.142857142857143,1.1428571428571428,1.0
2018-11-24,2018-2019,8.0,47.42857142857143,7.75,0.25,3.321428571428571,4.428571428571428
2018-12-01,2018-2019,7.857142857142857,51.57142857142857,7.655677655677655,0.2014652014652016,4.563961679346295,3.091715976331361
2018-12-08,2018-2019,8.285714285714286,59.714285714285715,8.109422492401217,0.17629179331307018,3.0963249516441014,5.013097540757116
2018-12-15,2018-2019,11.285714285714286,78.0,11.124489795918368,0.1612244897959178,3.2777514577259477,7.84673833819242
2018-12-22,2018-2019,17.714285714285715,114.57142857142857,17.57026713124274,0.14401858304297407,4.311721995396992,13.258545135845749
2018-12-29,2018-2019,31.428571428571427,198.85714285714286,30.330630068621335,1.0979413599500927,8.784280839546069,21.546349229075265
2019-01-05,2018-2019,31.142857142857142,187.0,29.890882986360374,1.2519741564967681,9.057843329200114,20.833039657160263
2019-01-12,2018-2019,24.571428571428573,159.28571428571428,23.58363244795406,0.9877961234745143,12.473987410488098,11.109645037465961
2019-01-19,2018-2019,32.42857142857143,251.71428571428572,31.74225245653817,0.6863189720332578,13.340946684631984,18.401305771906188
2019-01-26,2018-2019,49.285714285714285,410.0,48.681907678844894,0.6038066068693916,12.301342262933925,36.38056541591097
2019-02-02,2018-2019,80.28571428571429,627.7142857142857,79.92609182530796,0.3596224604063327,19.230337882780862,60.6957539425271
2019-02-09,2018-2019,133.85714285714286,1059.7142857142858,132.78784106235088,1.0693017947919905,37.56742842380235,95.22041263854852
2019-02-16,2018-2019,115.57142857142857,885.8571428571429,113.58781778293972,1.9836107884888394,44.430608996728125,69.1572087862116
2019-02-23,2018-2019,97.57142857142857,801.2857142857143,96.10785714285714,1.4635714285714299,27.223684855916616,68.88417228694053
2019-03-02,2018-2019,89.0,603.5714285714286,87.3954326923077,1.604567307692307,31.2664694545756,56.12896323773209
2019-03-09,2018-2019,62.0,448.42857142857144,60.35398230088495,1.6460176991150468,18.570456092579985,41.78352620830496
2019-03-16,2018-2019,60.42857142857143,433.42857142857144,57.28488852188274,3.143682906688689,19.231355432346348,38.053533089536394
2019-03-23,2018-2019,38.714285714285715,298.42857142857144,36.63384512683578,2.0804405874499325,8.22392441622844,28.409920710607338
2019-03-30,2018-2019,38.57142857142857,242.14285714285714,35.826645264847514,2.7447833065810574,13.027871005399096,22.798774259448418
2019-04-06,2018-2019,37.42857142857143,200.28571428571428,34.105473965287054,3.3230974632843777,14.779038718291057,19.326435246995995
2019-04-13,2018-2019,25.142857142857142,136.42857142857142,22.365448504983387,2.7774086378737532,8.30716658756526,14.058281917418128
2019-04-20,2018-2019,13.714285714285714,78.28571428571429,11.915690866510538,1.798594847775176,3.9718969555035124,7.943793911007026
2019-04-27,2018-2019,8.428571428571429,47.714285714285715,6.908665105386417,1.5199063231850116,2.220642355302777,4.688022750083641
2019-05-04,2018-2019,4.285714285714286,30.714285714285715,2.899159663865546,1.3865546218487392,1.2683823529411764,1.6307773109243697
2019-05-11,2018-2019,4.428571428571429,18.285714285714285,2.2142857142857144,2.2142857142857144,0.8303571428571429,1.3839285714285716
2019-05-18,2018-2019,3.857142857142857,15.857142857142858,1.9285714285714286,1.9285714285714286,0.7941176470588235,1.134453781512605
2019-05-25,2018-2019,3.2857142857142856,15.857142857142858,1.6428571428571428,1.6428571428571428,0.32857142857142857,1.3142857142857143
2019-06-01,2018-2019,2.2857142857142856,12.142857142857142,1.1428571428571428,1.1428571428571428,0.2857142857142857,0.8571428571428571
2019-06-08,2018-2019,2.142857142857143,9.142857142857142,1.0714285714285714,1.0714285714285714,1.0714285714285714,0.0
2019-06-15,2018-2019,1.5714285714285714,7.285714285714286,0.7857142857142857,0.7857142857142857,0.15714285714285714,0.6285714285714286
2019-06-22,2018-2019,1.4285714285714286,6.285714285714286,0.7142857142857143,0.7142857142857143,0.7142857142857143,0.0
2019-06-29,2018-2019,1.4285714285714286,4.857142857142857,0.7142857142857143,0.7142857142857143,0.23809523809523808,0.4761904761904763
2019-07-06,2018-2019,1.7142857142857142,5.571428571428571,0.8571428571428571,0.8571428571428571,0.5357142857142857,0.3214285714285714
2019-07-13,2018-2019,1.8571428571428572,5.428571428571429,0.9285714285714286,0.9285714285714286,0.9285714285714286,0.0
2019-07-20,2018-2019,1.2857142857142858,3.4285714285714284,0.6428571428571429,0.6428571428571429,0.2571428571428572,0.38571428571428573
2019-07-27,2018-2019,0.7142857142857143,3.2857142857142856,0.35714285714285715,0.35714285714285715,0.28571428571428575,0.07142857142857141
2019-08-03,2018-2019,0.7142857142857143,3.5714285714285716,0.35714285714285715,0.35714285714285715,0.15306122448979592,0.20408163265306123
2019-08-10,2018-2019,0.7142857142857143,2.0,0.35714285714285715,0.35714285714285715,0.35714285714285715,0.0
2019-08-17,2018-2019,0.7142857142857143,3.5714285714285716,0.35714285714285715,0.35714285714285715,0.11904761904761904,0.23809523809523814
2019-08-24,2018-2019,0.5714285714285714,4.0,0.2857142857142857,0.2857142857142857,0.14285714285714285,0.14285714285714285
2019-08-31,2018-2019,1.1428571428571428,6.142857142857143,0.5714285714285714,0.5714285714285714,0.21428571428571427,0.3571428571428571
2019-09-07,2019-2020,1.7142857142857142,7.857142857142857,0.8571428571428571,0.8571428571428571,0.07142857142857142,0.7857142857142856
2019-09-14,2019-2020,1.1428571428571428,8.714285714285714,0.5714285714285714,0.5714285714285714,0.12244897959183672,0.44897959183673464
2019-09-21,2019-2020,3.142857142857143,13.428571428571429,1.5714285714285714,1.5714285714285714,0.336734693877551,1.2346938775510203
2019-09-28,2019-2020,2.857142857142857,19.428571428571427,1.4285714285714286,1.4285714285714286,0.8571428571428571,0.5714285714285715
2019-10-05,2019-2020,2.5714285714285716,19.285714285714285,1.2857142857142858,1.2857142857142858,1.0285714285714287,0.2571428571428571
2019-10-12,2019-2020,2.7142857142857144,20.857142857142858,1.3571428571428572,1.3571428571428572,0.7402597402597403,0.6168831168831169
2019-10-19,2019-2020,2.5714285714285716,23.285714285714285,1.2857142857142858,1.2857142857142858,0.45378151260504207,0.8319327731092436
2019-10-26,2019-2020,2.5714285714285716,27.571428571428573,1.2857142857142858,1.2857142857142858,0.6923076923076923,0.5934065934065935
2019-11-02,2019-2020,3.2857142857142856,31.0,1.6428571428571428,1.6428571428571428,0.8846153846153846,0.7582417582417582
2019-11-09,2019-2020,4.571428571428571,32.714285714285715,2.2857142857142856,2.2857142857142856,1.9340659340659339,0.3516483516483517
2019-11-16,2019-2020,7.0,46.285714285714285,2.8636363636363638,4.136363636363636,2.237215909090909,0.6264204545454546
2019-11-23,2019-2020,7.285714285714286,66.42857142857143,3.946428571428571,3.3392857142857144,3.0178571428571423,0.9285714285714287
2019-11-30,2019-2020,11.285714285714286,96.0,5.888198757763975,5.397515527950311,5.244177018633541,0.6440217391304348
2019-12-07,2019-2020,12.285714285714286,126.85714285714286,5.5140607424071995,6.771653543307087,5.163165967890378,0.3508947745168216
2019-12-14,2019-2020,19.428571428571427,197.14285714285714,9.457294028722599,9.971277399848828,8.646668826260662,0.8106252024619373
2019-12-21,2019-2020,24.571428571428573,342.2857142857143,10.824710424710425,13.746718146718148,10.499969111969111,0.324741312741313
2019-12-28,2019-2020,50.57142857142857,633.0,20.165749778172138,30.40567879325643,19.659072648067312,0.5066771301048275
2020-01-04,2019-2020,65.57142857142857,603.4285714285714,26.955460244143843,38.615968327284726,25.504942204100228,1.4505180400436162
2020-01-11,2019-2020,46.285714285714285,444.85714285714283,21.277864992150704,25.00784929356358,20.881997736482784,0.39586725566792125
2020-01-18,2019-2020,43.0,517.2857142857143,20.611570247933884,22.388429752066116,20.069160504567204,0.5424097433666806
2020-01-25,2019-2020,56.714285714285715,575.8571428571429,33.37995616656705,23.33432954771867,32.36072086377111,1.019235302795942
2020-02-01,2019-2020,82.14285714285714,821.7142857142857,52.85040431266846,29.29245283018868,51.36464997456131,1.4857543381071463
2020-02-08,2019-2020,108.42857142857143,1072.857142857143,73.11504705509147,35.31352437347996,72.41705137914788,0.6979956759435922
2020-02-15,2019-2020,82.85714285714286,858.4285714285714,59.52552862300155,23.331614234141313,58.80618688737615,0.7193417356253969
2020-02-22,2019-2020,76.42857142857143,680.7142857142857,57.68345864661654,18.745112781954887,55.90858299595142,1.7748756506651244
2020-02-29,2019-2020,71.57142857142857,584.2857142857143,55.38861138861139,16.182817182817182,54.653364334780264,0.7352470538311258
2020-03-07,2019-2020,70.42857142857143,572.1428571428571,56.80294328786791,13.625628140703519,56.079338914774056,0.7236043730938586
2020-03-14,2019-2020,57.857142857142854,518.7142857142857,44.92014196983141,12.937000887311445,43.360414818101155,1.5597271517302569
2020-03-21,2019-2020,31.857142857142858,271.0,23.892857142857142,7.964285714285714,22.52755102040816,1.36530612244898
2020-03-28,2019-2020,8.714285714285714,76.57142857142857,5.984509466437177,2.729776247848537,5.984509466437177,0.0
2020-04-04,2019-2020,6.142857142857143,35.42857142857143,3.0714285714285716,3.0714285714285716,3.0714285714285716,0.0
2020-04-11,2019-2020,2.857142857142857,22.857142857142858,1.4285714285714286,1.4285714285714286,1.4285714285714286,0.0
2020-04-18,2019-2020,1.7142857142857142,15.0,0.8571428571428571,0.8571428571428571,0.8571428571428571,0.0
2020-04-25,2019-2020,2.4285714285714284,13.428571428571429,1.2142857142857142,1.2142857142857142,1.2142857142857142,0.0
2020-05-02,2019-2020,2.857142857142857,10.285714285714286,1.4285714285714286,1.4285714285714286,1.4285714285714286,0.0
2020-05-09,2019-2020,2.857142857142857,8.857142857142858,1.4285714285714286,1.4285714285714286,1.4285714285714286,0.0
2020-05-16,2019-2020,2.142857142857143,7.142857142857143,1.0714285714285714,1.0714285714285714,1.0714285714285714,0.0
2020-05-23,2019-2020,3.2857142857142856,6.714285714285714,1.6428571428571428,1.6428571428571428,1.6428571428571428,0.0
2020-05-30,2019-2020,1.5714285714285714,7.428571428571429,0.7857142857142857,0.7857142857142857,0.7857142857142857,0.0
2020-06-06,2019-2020,0.7142857142857143,4.428571428571429,0.35714285714285715,0.35714285714285715,0.35714285714285715,0.0
2020-06-13,2019-2020,1.7142857142857142,9.285714285714286,0.8571428571428571,0.8571428571428571,0.8571428571428571,0.0
2020-06-20,2019-2020,0.7142857142857143,8.285714285714286,0.35714285714285715,0.35714285714285715,0.35714285714285715,0.0
2020-06-27,2019-2020,2.2857142857142856,8.714285714285714,1.1428571428571428,1.1428571428571428,1.1428571428571428,0.0
2020-07-04,2019-2020,1.0,6.428571428571429,0.5,0.5,0.5,0.0
2020-07-11,2019-2020,1.5714285714285714,8.0,0.7857142857142857,0.7857142857142857,0.7857142857142857,0.0
2020-07-18,2019-2020,1.2857142857142858,8.285714285714286,0.6428571428571429,0.6428571428571429,0.6428571428571429,0.0
2020-07-25,2019-2020,1.4285714285714286,8.0,0.7142857142857143,0.7142857142857143,0.7142857142857143,0.0
2020-08-01,2019-2020,0.5714285714285714,5.428571428571429,0.2857142857142857,0.2857142857142857,0.2857142857142857,0.0
2020-08-08,2019-2020,1.2857142857142858,7.285714285714286,0.6428571428571429,0.6428571428571429,0.6428571428571429,0.0
2020-08-15,2019-2020,1.0,5.0,0.5,0.5,0.5,0.0
2020-08-22,2019-2020,2.5714285714285716,7.285714285714286,1.2857142857142858,1.2857142857142858,1.2857142857142858,0.0
2020-08-29,2019-2020,2.0,6.285714285714286,1.0,1.0,1.0,0.0
2020-09-05,2020-2021,0.7142857142857143,3.2857142857142856,0.35714285714285715,0.35714285714285715,0.35714285714285715,0.0
2020-09-12,2020-2021,1.0,3.5714285714285716,0.5,0.5,0.5,0.0
2020-09-19,2020-2021,2.2857142857142856,6.714285714285714,1.1428571428571428,1.1428571428571428,1.1428571428571428,0.0
2020-09-26,2020-2021,1.1428571428571428,7.285714285714286,0.5714285714285714,0.5714285714285714,0.5714285714285714,0.0
2020-10-03,2020-2021,1.7142857142857142,6.0,0.8571428571428571,0.8571428571428571,0.8571428571428571,0.0
2020-10-10,2020-2021,2.2857142857142856,11.428571428571429,1.1428571428571428,1.1428571428571428,1.1428571428571428,0.0
2020-10-17,2020-2021,2.857142857142857,9.857142857142858,1.4285714285714286,1.4285714285714286,0.0,1.4285714285714286
2020-10-24,2020-2021,2.7142857142857144,10.428571428571429,1.3571428571428572,1.3571428571428572,1.3571428571428572,0.0
2020-10-31,2020-2021,1.7142857142857142,8.571428571428571,0.8571428571428571,0.8571428571428571,0.0,0.8571428571428571
2020-11-07,2020-2021,2.4285714285714284,9.714285714285714,1.2142857142857142,1.2142857142857142,1.2142857142857142,0.0
2020-11-14,2020-2021,4.142857142857143,11.142857142857142,2.0714285714285716,2.0714285714285716,2.0714285714285716,0.0
2020-11-21,2020-2021,4.285714285714286,13.857142857142858,2.142857142857143,2.142857142857143,0.0,2.142857142857143
2020-11-28,2020-2021,3.4285714285714284,12.428571428571429,1.7142857142857142,1.7142857142857142,1.7142857142857142,0.0
2020-12-05,2020-2021,2.4285714285714284,10.714285714285714,1.2142857142857142,1.2142857142857142,1.2142857142857142,0.0
2020-12-12,2020-2021,3.0,13.714285714285714,1.5,1.5,1.5,0.0
2020-12-19,2020-2021,2.2857142857142856,10.857142857142858,1.1428571428571428,1.1428571428571428,1.1428571428571428,0.0
2020-12-26,2020-2021,3.4285714285714284,12.857142857142858,1.7142857142857142,1.7142857142857142,1.7142857142857142,0.0
2021-01-02,2020-2021,3.4285714285714284,13.285714285714286,1.7142857142857142,1.7142857142857142,1.7142857142857142,0.0
2021-01-09,2020-2021,3.4285714285714284,14.0,1.7142857142857142,1.7142857142857142,1.7142857142857142,0.0
2021-01-16,2020-2021,3.0,10.857142857142858,1.5,1.5,1.5,0.0
2021-01-23,2020-2021,2.4285714285714284,10.0,1.2142857142857142,1.2142857142857142,1.2142857142857142,0.0
2021-01-30,2020-2021,3.0,9.142857142857142,1.5,1.5,1.5,0.0
2021-02-06,2020-2021,1.8571428571428572,8.285714285714286,0.9285714285714286,0.9285714285714286,0.9285714285714286,0.0
2021-02-13,2020-2021,1.7142857142857142,8.0,0.8571428571428571,0.8571428571428571,0.8571428571428571,0.0
2021-02-20,2020-2021,2.2857142857142856,8.142857142857142,1.1428571428571428,1.1428571428571428,1.1428571428571428,0.0
2021-02-27,2020-2021,1.1428571428571428,6.285714285714286,0.5714285714285714,0.5714285714285714,0.5714285714285714,0.0
2021-03-06,2020-2021,1.8571428571428572,6.571428571428571,0.9285714285714286,0.9285714285714286,0.9285714285714286,0.0
2021-03-13,2020-2021,3.0,8.0,1.5,1.5,1.5,0.0
2021-03-20,2020-2021,1.4285714285714286,6.142857142857143,0.7142857142857143,0.7142857142857143,0.7142857142857143,0.0
2021-03-27,2020-2021,2.0,7.285714285714286,1.0,1.0,1.0,0.0
2021-04-03,2020-2021,1.4285714285714286,5.0,0.7142857142857143,0.7142857142857143,0.7142857142857143,0.0
2021-04-10,2020-2021,1.8571428571428572,5.857142857142857,0.9285714285714286,0.9285714285714286,0.9285714285714286,0.0
2021-04-17,2020-2021,1.5714285714285714,6.0,0.7857142857142857,0.7857142857142857,0.7857142857142857,0.0
2021-04-24,2020-2021,2.142857142857143,7.571428571428571,1.0714285714285714,1.0714285714285714,1.0714285714285714,0.0
2021-05-01,2020-2021,1.8571428571428572,6.285714285714286,0.9285714285714286,0.9285714285714286,0.9285714285714286,0.0
2021-05-08,2020-2021,1.0,4.428571428571429,0.5,0.5,0.5,0.0
2021-05-15,2020-2021,1.8571428571428572,4.285714285714286,0.9285714285714286,0.9285714285714286,0.9285714285714286,0.0
2021-05-22,2020-2021,1.7142857142857142,5.714285714285714,0.8571428571428571,0.8571428571428571,0.8571428571428571,0.0
2021-05-29,2020-2021,1.8571428571428572,4.714285714285714,0.9285714285714286,0.9285714285714286,0.9285714285714286,0.0
2021-06-05,2020-2021,1.7142857142857142,6.142857142857143,0.8571428571428571,0.8571428571428571,0.8571428571428571,0.0
2021-06-12,2020-2021,1.1428571428571428,4.0,0.5714285714285714,0.5714285714285714,0.5714285714285714,0.0
2021-06-19,2020-2021,0.8571428571428571,4.142857142857143,0.42857142857142855,0.42857142857142855,0.42857142857142855,0.0
2021-06-26,2020-2021,1.2857142857142858,6.714285714285714,0.6428571428571429,0.6428571428571429,0.6428571428571429,0.0
2021-07-03,2020-2021,0.5714285714285714,4.0,0.2857142857142857,0.2857142857142857,0.2857142857142857,0.0
2021-07-10,2020-2021,0.5714285714285714,4.857142857142857,0.2857142857142857,0.2857142857142857,0.2857142857142857,0.0
2021-07-17,2020-2021,0.14285714285714285,6.571428571428571,0.07142857142857142,0.07142857142857142,0.07142857142857142,0.0
2021-07-24,2020-2021,0.8571428571428571,6.714285714285714,0.42857142857142855,0.42857142857142855,0.42857142857142855,0.0
2021-07-31,2020-2021,1.1428571428571428,7.428571428571429,0.5714285714285714,0.5714285714285714,0.5714285714285714,0.0
2021-08-07,2020-2021,1.1428571428571428,7.857142857142857,0.5714285714285714,0.5714285714285714,0.5714285714285714,0.0
2021-08-14,2020-2021,1.0,9.571428571428571,0.5,0.5,0.5,0.0
2021-08-21,2020-2021,1.0,9.857142857142858,0.5,0.5,0.5,0.0
2021-08-28,2020-2021,1.0,10.142857142857142,0.5,0.5,0.5,0.0
2021-09-04,2021-2022,1.1428571428571428,11.714285714285714,0.5714285714285714,0.5714285714285714,0.5714285714285714,0.0
2021-09-11,2021-2022,1.4285714285714286,11.285714285714286,0.7142857142857143,0.7142857142857143,0.7142857142857143,0.0
2021-09-18,2021-2022,2.142857142857143,8.571428571428571,1.0714285714285714,1.0714285714285714,1.0714285714285714,0.0
2021-09-25,2021-2022,1.0,7.428571428571429,0.5,0.5,0.5,0.0
2021-10-02,2021-2022,2.0,8.428571428571429,1.0,1.0,1.0,0.0
2021-10-30,2021-2022,4.142857142857143,12.142857142857142,4.142857142857143,0.0,0.0,4.142857142857143
2021-11-06,2021-2022,3.7142857142857144,12.571428571428571,3.7142857142857144,0.0,0.0,3.7142857142857144
2021-11-13,2021-2022,2.7142857142857144,11.714285714285714,2.7142857142857144,0.0,0.0,2.7142857142857144
2021-11-20,2021-2022,5.0,21.0,4.777777777777778,0.222222222222222,0.0,4.777777777777778
2021-11-27,2021-2022,6.285714285714286,34.285714285714285,6.2388059701492535,0.04690831556503212,0.0,6.2388059701492535
2021-12-04,2021-2022,7.142857142857143,66.14285714285714,7.079646017699115,0.06321112515802792,0.0,7.079646017699115
2021-12-11,2021-2022,10.428571428571429,84.14285714285714,10.428571428571429,0.0,0.0,10.428571428571429
2021-12-18,2021-2022,9.0,108.85714285714286,9.0,0.0,0.0,9.0
2021-12-25,2021-2022,12.857142857142858,123.85714285714286,12.857142857142858,0.0,0.0,12.857142857142858
2022-01-01,2021-2022,15.714285714285714,139.14285714285714,15.714285714285714,0.0,0.0,15.714285714285714
2022-01-08,2021-2022,10.428571428571429,90.14285714285714,10.14923469387755,0.2793367346938777,0.0,10.14923469387755
2022-01-15,2021-2022,7.714285714285714,59.285714285714285,7.714285714285714,0.0,0.0,7.714285714285714
2022-01-22,2021-2022,3.2857142857142856,30.428571428571427,3.2857142857142856,0.0,0.0,3.2857142857142856
2022-01-29,2021-2022,3.5714285714285716,21.714285714285715,3.5714285714285716,0.0,0.0,3.5714285714285716
2022-02-05,2021-2022,3.7142857142857144,24.857142857142858,3.7142857142857144,0.0,0.0,3.7142857142857144
2022-02-12,2021-2022,4.142857142857143,23.857142857142858,4.142857142857143,0.0,0.0,4.142857142857143
2022-02-19,2021-2022,2.7142857142857144,29.714285714285715,2.7142857142857144,0.0,0.0,2.7142857142857144
2022-02-26,2021-2022,2.7142857142857144,37.285714285714285,2.7142857142857144,0.0,0.0,2.7142857142857144
2022-03-05,2021-2022,5.285714285714286,35.857142857142854,5.285714285714286,0.0,0.0,5.285714285714286
2022-03-12,2021-2022,3.0,37.714285714285715,3.0,0.0,0.0,3.0
2022-03-19,2021-2022,3.857142857142857,45.0,3.857142857142857,0.0,0.0,3.857142857142857
2022-03-26,2021-2022,4.428571428571429,50.0,4.428571428571429,0.0,0.0,4.428571428571429
2022-04-02,2021-2022,5.285714285714286,60.0,5.285714285714286,0.0,0.0,5.285714285714286
2022-04-09,2021-2022,9.857142857142858,97.85714285714286,9.857142857142858,0.0,0.0,9.857142857142858
2022-04-16,2021-2022,13.285714285714286,123.14285714285714,13.285714285714286,0.0,0.0,13.285714285714286
2022-04-23,2021-2022,13.714285714285714,123.0,13.714285714285714,0.0,0.0,13.714285714285714
2022-04-30,2021-2022,9.428571428571429,100.28571428571429,9.428571428571429,0.0,0.0,9.428571428571429
2022-05-07,2021-2022,8.857142857142858,119.0,8.857142857142858,0.0,0.0,8.857142857142858
2022-05-14,2021-2022,8.714285714285714,129.28571428571428,8.714285714285714,0.0,0.0,8.714285714285714
2022-05-21,2021-2022,8.285714285714286,125.28571428571429,8.285714285714286,0.0,0.10357142857142859,8.182142857142859
2022-05-28,2021-2022,8.714285714285714,119.71428571428571,4.357142857142857,4.357142857142857,0.0,4.357142857142857
2022-06-04,2021-2022,9.285714285714286,128.57142857142858,4.642857142857143,4.642857142857143,0.0,4.642857142857143
2022-06-11,2021-2022,8.714285714285714,92.0,4.357142857142857,4.357142857142857,0.0,4.357142857142857
2022-06-18,2021-2022,8.285714285714286,89.57142857142857,4.142857142857143,4.142857142857143,0.0,4.142857142857143
2022-06-25,2021-2022,5.428571428571429,69.71428571428571,2.7142857142857144,2.7142857142857144,0.0,2.7142857142857144
2022-07-02,2021-2022,4.428571428571429,46.57142857142857,2.2142857142857144,2.2142857142857144,0.0,2.2142857142857144
2022-07-09,2021-2022,4.428571428571429,47.0,2.2142857142857144,2.2142857142857144,0.0,2.2142857142857144
2022-07-16,2021-2022,3.7142857142857144,38.142857142857146,1.8571428571428572,1.8571428571428572,0.0,1.8571428571428572
2022-07-23,2021-2022,4.857142857142857,34.142857142857146,2.4285714285714284,2.4285714285714284,0.0,2.4285714285714284
2022-07-30,2021-2022,2.5714285714285716,24.857142857142858,1.2857142857142858,1.2857142857142858,0.0,1.2857142857142858
2022-08-06,2021-2022,2.142857142857143,21.0,1.0714285714285714,1.0714285714285714,0.1530612244897959,0.9183673469387755
2022-08-13,2021-2022,2.142857142857143,24.571428571428573,1.0714285714285714,1.0714285714285714,0.0,1.0714285714285714
2022-08-20,2021-2022,2.4285714285714284,21.142857142857142,1.2142857142857142,1.2142857142857142,0.4553571428571428,0.7589285714285714
2022-08-27,2021-2022,2.142857142857143,19.857142857142858,1.0714285714285714,1.0714285714285714,0.17857142857142855,0.8928571428571429
2022-09-03,2022-2023,2.2857142857142856,25.142857142857142,1.1428571428571428,1.1428571428571428,0.0,1.1428571428571428
2022-09-10,2022-2023,2.5714285714285716,29.571428571428573,1.2857142857142858,1.2857142857142858,0.3025210084033614,0.9831932773109244
2022-09-17,2022-2023,3.4285714285714284,37.57142857142857,3.4285714285714284,0.0,0.13714285714285715,3.291428571428571
2022-09-24,2022-2023,3.0,48.285714285714285,3.0,0.0,0.05454545454545454,2.9454545454545453
2022-10-01,2022-2023,3.5714285714285716,75.0,3.5714285714285716,0.0,0.15306122448979592,3.418367346938776
2022-10-08,2022-2023,7.285714285714286,113.85714285714286,7.285714285714286,0.0,0.35978835978835977,6.925925925925926
2022-10-15,2022-2023,11.285714285714286,207.0,11.285714285714286,0.0,1.0353866317169071,10.25032765399738
2022-10-22,2022-2023,29.571428571428573,412.2857142857143,29.571428571428573,0.0,2.0668202764976957,27.50460829493088
2022-10-29,2022-2023,62.714285714285715,1016.1428571428571,62.714285714285715,0.0,8.099630996309964,54.61465471797575
2022-11-05,2022-2023,92.42857142857143,1596.142857142857,92.42857142857143,0.0,16.554371002132196,75.87420042643923
2022-11-12,2022-2023,97.0,1408.0,96.83545377438507,0.16454622561492938,23.840947585790854,72.99450618859422
2022-11-19,2022-2023,88.0,1035.5714285714287,88.0,0.0,20.45859872611465,67.54140127388534
2022-11-26,2022-2023,108.42857142857143,1196.2857142857142,108.42857142857143,0.0,24.62322140011383,83.8053500284576
2022-12-03,2022-2023,128.71428571428572,1115.7142857142858,128.71428571428572,0.0,38.15183917878529,90.56244653550044
2022-12-10,2022-2023,83.28571428571429,716.7142857142857,83.28571428571429,0.0,24.23987206823028,59.04584221748401
2022-12-17,2022-2023,62.42857142857143,514.7142857142857,62.42857142857143,0.0,17.341269841269842,45.08730158730159
2022-12-24,2022-2023,55.0,403.2857142857143,55.0,0.0,24.85185185185185,30.14814814814815
2022-12-31,2022-2023,67.57142857142857,449.14285714285717,67.57142857142857,0.0,36.69441816461684,30.87701040681173
2023-01-07,2022-2023,43.857142857142854,314.57142857142856,43.857142857142854,0.0,26.76575630252101,17.091386554621845
2023-01-14,2022-2023,24.857142857142858,155.85714285714286,24.857142857142858,0.0,14.840085287846481,10.017057569296377
2023-01-21,2022-2023,14.857142857142858,122.85714285714286,14.857142857142858,0.0,8.82815734989648,6.028985507246378
2023-01-28,2022-2023,11.428571428571429,101.57142857142857,11.428571428571429,0.0,6.938775510204081,4.4897959183673475
2023-02-04,2022-2023,9.142857142857142,112.71428571428571,9.142857142857142,0.0,5.442176870748299,3.700680272108843
2023-02-11,2022-2023,14.857142857142858,126.57142857142857,14.857142857142858,0.0,11.783251231527094,3.0738916256157633
2023-02-18,2022-2023,10.714285714285714,101.57142857142857,10.714285714285714,0.0,7.5396825396825395,3.174603174603174
2023-02-25,2022-2023,8.857142857142858,91.0,8.857142857142858,0.0,5.904761904761905,2.952380952380953
2023-03-04,2022-2023,8.142857142857142,76.85714285714286,8.142857142857142,0.0,5.428571428571428,2.7142857142857144
2023-03-11,2022-2023,6.714285714285714,61.42857142857143,6.714285714285714,0.0,5.875,0.8392857142857143
2023-03-18,2022-2023,8.0,74.42857142857143,8.0,0.0,5.333333333333333,2.666666666666667
2023-03-25,2022-2023,5.285714285714286,71.57142857142857,5.285714285714286,0.0,4.625,0.6607142857142857
2023-04-01,2022-2023,5.857142857142857,69.85714285714286,5.857142857142857,0.0,5.206349206349206,0.650793650793651
2023-04-08,2022-2023,7.428571428571429,61.42857142857143,7.428571428571429,0.0,5.306122448979592,2.122448979591837
2023-04-15,2022-2023,9.285714285714286,55.285714285714285,9.285714285714286,0.0,9.285714285714286,0.0
2023-04-22,2022-2023,4.285714285714286,49.857142857142854,4.285714285714286,0.0,4.285714285714286,0.0
2023-04-29,2022-2023,3.4285714285714284,41.0,3.4285714285714284,0.0,3.4285714285714284,0.0
2023-05-06,2022-2023,4.142857142857143,48.714285714285715,4.142857142857143,0.0,2.761904761904762,1.3809523809523812
2023-05-13,2022-2023,4.571428571428571,53.142857142857146,4.571428571428571,0.0,4.571428571428571,0.0
2023-05-20,2022-2023,3.7142857142857144,53.142857142857146,1.8571428571428572,1.8571428571428572,1.8571428571428572,0.0
2023-05-27,2022-2023,4.857142857142857,48.57142857142857,2.4285714285714284,2.4285714285714284,2.4285714285714284,0.0
2023-06-03,2022-2023,5.571428571428571,54.42857142857143,2.7857142857142856,2.7857142857142856,2.7857142857142856,0.0
2023-06-10,2022-2023,3.857142857142857,49.57142857142857,1.9285714285714286,1.9285714285714286,1.5,0.42857142857142855
2023-06-17,2022-2023,4.571428571428571,43.285714285714285,2.2857142857142856,2.2857142857142856,1.5238095238095237,0.761904761904762
2023-06-24,2022-2023,3.5714285714285716,40.42857142857143,1.7857142857142858,1.7857142857142858,1.7857142857142858,0.0
2023-07-01,2022-2023,2.142857142857143,34.57142857142857,1.0714285714285714,1.0714285714285714,1.0714285714285714,0.0
2023-07-08,2022-2023,3.7142857142857144,31.285714285714285,1.8571428571428572,1.8571428571428572,1.8571428571428572,0.0
2023-07-15,2022-2023,5.142857142857143,37.714285714285715,2.5714285714285716,2.5714285714285716,2.5714285714285716,0.0
2023-07-22,2022-2023,3.2857142857142856,38.285714285714285,1.6428571428571428,1.6428571428571428,1.2321428571428572,0.4107142857142857
2023-07-29,2022-2023,3.142857142857143,39.42857142857143,1.5714285714285714,1.5714285714285714,1.5714285714285714,0.0
2023-08-05,2022-2023,3.0,41.57142857142857,1.5,1.5,1.25,0.24999999999999994
2023-08-12,2022-2023,4.714285714285714,40.142857142857146,2.357142857142857,2.357142857142857,2.357142857142857,0.0
2023-08-19,2022-2023,4.285714285714286,47.57142857142857,2.142857142857143,2.142857142857143,1.0714285714285714,1.0714285714285714
2023-08-26,2022-2023,4.571428571428571,60.142857142857146,2.2857142857142856,2.2857142857142856,1.8045112781954886,0.48120300751879697
2023-09-02,2023-2024,4.0,68.57142857142857,2.0,2.0,1.5384615384615385,0.46153846153846145
2023-09-09,2023-2024,6.428571428571429,80.28571428571429,3.2142857142857144,3.2142857142857144,2.706766917293233,0.5075187969924814
2023-09-16,2023-2024,6.428571428571429,91.0,3.2142857142857144,3.2142857142857144,2.611607142857143,0.6026785714285714
2023-09-23,2023-2024,4.571428571428571,93.57142857142857,2.2857142857142856,2.2857142857142856,2.2857142857142856,0.0
2023-09-30,2023-2024,6.857142857142857,82.57142857142857,3.4285714285714284,3.4285714285714284,2.7755102040816326,0.6530612244897959
2023-10-07,2023-2024,8.428571428571429,82.14285714285714,4.214285714285714,4.214285714285714,3.831168831168831,0.38311688311688324
2023-10-14,2023-2024,5.857142857142857,91.57142857142857,2.9285714285714284,2.9285714285714284,2.7510822510822512,0.1774891774891773
2023-10-21,2023-2024,6.0,93.71428571428571,2.98159509202454,3.01840490797546,2.7565690473434428,0.2250260446810973
2023-10-28,2023-2024,7.857142857142857,117.42857142857143,3.947368421052631,3.909774436090226,3.383458646616541,0.5639097744360904
2023-11-04,2023-2024,8.285714285714286,154.28571428571428,5.103122043519395,3.1825922421948913,4.697191880966716,0.4059301625526794
2023-11-11,2023-2024,17.714285714285715,258.57142857142856,10.61027784607819,7.104007868207525,9.805360216375707,0.8049176297024838
2023-11-18,2023-2024,23.428571428571427,327.14285714285717,13.984962406015036,9.443609022556391,12.09510262141841,1.8898597845966258
2023-11-25,2023-2024,34.714285714285715,438.0,23.531620553359684,11.182665160926032,19.94584980237154,3.5857707509881425
2023-12-02,2023-2024,46.142857142857146,616.5714285714286,32.65494505494506,13.487912087912086,27.57528693528694,5.07965811965812
2023-12-09,2023-2024,72.57142857142857,892.7142857142857,51.299929246800026,21.271499324628543,41.096628402132616,10.20330084466741
2023-12-16,2023-2024,103.71428571428571,1352.4285714285713,74.8434650455927,28.87082066869301,63.3290858078092,11.514379237783492
2023-12-23,2023-2024,182.0,1943.0,130.836417157275,51.163582842724985,99.79048766232839,31.045929494946616
2023-12-30,2023-2024,257.57142857142856,2155.4285714285716,181.15708729472772,76.41434127670082,137.240217647521,43.916869647206724
2024-01-06,2023-2024,162.14285714285714,1224.857142857143,105.26135690036105,56.88150024249609,87.30500778206417,17.95634911829688
2024-01-13,2023-2024,106.57142857142857,785.2857142857143,66.53078240154842,40.04064616988015,48.60332606580184,17.92745633574658
2024-01-20,2023-2024,72.0,590.0,38.87508532423208,33.12491467576792,28.346416382252556,10.528668941979523
2024-01-27,2023-2024,64.71428571428571,626.4285714285714,33.810929763432966,30.903355950852742,21.34314941316706,12.467780350265906
2024-02-03,2023-2024,49.285714285714285,533.7142857142857,23.49391364262747,25.791800643086813,12.57130466842347,10.922608974203998
2024-02-10,2023-2024,43.285714285714285,497.7142857142857,19.23043676069154,24.055277525022746,9.38445313921747,9.845983621474069
2024-02-17,2023-2024,36.42857142857143,472.85714285714283,14.967032967032967,21.461538461538463,7.211388611388611,7.755644355644356
2024-02-24,2023-2024,42.142857142857146,440.7142857142857,18.485852311939272,23.657004830917874,9.147638257454485,9.338214054484787
2024-03-02,2023-2024,35.42857142857143,404.0,15.200638467677575,20.227932960893856,8.211839172193633,6.988799295483942
2024-03-09,2023-2024,30.571428571428573,320.57142857142856,13.327232142857143,17.24419642857143,4.581236049107143,8.74599609375
2024-03-16,2023-2024,19.0,239.85714285714286,8.065104166666668,10.934895833333332,2.762021974885845,5.303082191780822
2024-03-23,2023-2024,16.142857142857142,194.57142857142858,8.945404913557779,7.197452229299363,2.5733356600645663,6.372069253493212
2024-03-30,2023-2024,21.571428571428573,186.57142857142858,12.082965144820816,9.488463426607757,3.9616279163346935,8.121337228486123
2024-04-06,2023-2024,17.571428571428573,173.71428571428572,10.958525345622121,6.612903225806452,2.6205169304748552,8.338008415147266
2024-04-13,2023-2024,13.571428571428571,126.28571428571429,6.785714285714286,6.785714285714286,1.0857142857142856,5.699999999999999
2024-04-20,2023-2024,7.714285714285714,100.28571428571429,3.857142857142857,3.857142857142857,1.6679536679536682,2.189189189189189
2024-04-27,2023-2024,8.428571428571429,87.57142857142857,4.214285714285714,4.214285714285714,1.6490683229813665,2.565217391304348
2024-05-04,2023-2024,7.714285714285714,84.14285714285714,3.857142857142857,3.857142857142857,1.577922077922078,2.279220779220779
2024-05-11,2023-2024,5.285714285714286,68.71428571428571,2.642857142857143,2.642857142857143,0.6098901098901099,2.032967032967033
2024-05-18,2023-2024,5.571428571428571,80.71428571428571,2.7857142857142856,2.7857142857142856,1.7410714285714284,1.0446428571428572
2024-05-25,2023-2024,6.714285714285714,69.42857142857143,3.357142857142857,3.357142857142857,0.5035714285714286,2.8535714285714286
2024-06-01,2023-2024,5.285714285714286,61.0,2.642857142857143,2.642857142857143,0.4172932330827067,2.225563909774436
2024-06-08,2023-2024,4.857142857142857,54.0,2.4285714285714284,2.4285714285714284,0.8447204968944099,1.5838509316770186
2024-06-15,2023-2024,4.0,53.285714285714285,2.0,2.0,0.7058823529411765,1.2941176470588234
2024-06-22,2023-2024,4.714285714285714,48.0,2.357142857142857,2.357142857142857,1.0476190476190477,1.3095238095238095
2024-06-29,2023-2024,4.142857142857143,60.285714285714285,2.0714285714285716,2.0714285714285716,0.6904761904761905,1.3809523809523812
2024-07-06,2023-2024,4.857142857142857,47.0,2.4285714285714284,2.4285714285714284,0.5024630541871921,1.9261083743842364
2024-07-13,2023-2024,3.857142857142857,55.142857142857146,1.9285714285714286,1.9285714285714286,0.9642857142857143,0.9642857142857143
2024-07-20,2023-2024,4.0,58.0,2.0,2.0,0.9411764705882353,1.0588235294117647
2024-07-27,2023-2024,5.285714285714286,62.285714285714285,2.642857142857143,2.642857142857143,0.8809523809523809,1.761904761904762
2024-08-03,2023-2024,5.0,73.28571428571429,2.5,2.5,1.0294117647058822,1.4705882352941178
2024-08-10,2023-2024,5.142857142857143,78.14285714285714,2.5714285714285716,2.5714285714285716,0.8035714285714286,1.767857142857143
2024-08-17,2023-2024,7.0,87.71428571428571,3.5,3.5,1.4411764705882353,2.058823529411765
2024-08-24,2023-2024,3.5714285714285716,93.71428571428571,1.7857142857142858,1.7857142857142858,0.5681818181818182,1.2175324675324677
2024-08-31,2023-2024,5.0,101.14285714285714,2.5,2.5,0.7954545454545454,1.7045454545454546
2024-09-07,2024-2025,5.857142857142857,107.0,2.9285714285714284,2.9285714285714284,1.8021978021978022,1.1263736263736261
2024-09-14,2024-2025,6.285714285714286,119.85714285714286,3.142857142857143,3.142857142857143,1.5714285714285714,1.5714285714285714
2024-09-21,2024-2025,7.428571428571429,107.0,3.7142857142857144,3.7142857142857144,2.305418719211823,1.4088669950738917
2024-09-28,2024-2025,7.714285714285714,98.42857142857143,3.857142857142857,3.857142857142857,1.84472049689441,2.012422360248447
2024-10-05,2024-2025,6.0,87.28571428571429,5.555555555555555,0.4444444444444444,3.0864197530864197,2.4691358024691357
2024-10-12,2024-2025,6.857142857142857,87.28571428571429,6.441558441558442,0.41558441558441517,2.3857623857623858,4.055796055796056
2024-10-19,2024-2025,5.571428571428571,97.14285714285714,4.775510204081632,0.795918367346939,2.0259740259740258,2.749536178107606
2024-10-26,2024-2025,6.571428571428571,115.42857142857143,5.807308970099668,0.7641196013289036,2.7221760797342194,3.0851328903654487
2024-11-02,2024-2025,7.0,116.14285714285714,6.611111111111111,0.38888888888888906,1.859375,4.751736111111111
2024-11-09,2024-2025,6.714285714285714,119.28571428571429,6.251231527093596,0.46305418719211844,2.241007528580723,4.010223998512873
2024-11-16,2024-2025,8.428571428571429,123.0,7.612903225806452,0.8156682027649772,2.759677419354839,4.853225806451613
2024-11-23,2024-2025,11.428571428571429,138.0,10.793650793650794,0.6349206349206352,3.8255977496483826,6.968053044002412
2024-11-30,2024-2025,10.285714285714286,148.14285714285714,10.133333333333335,0.15238095238095262,3.518518518518519,6.614814814814816
2024-12-07,2024-2025,14.571428571428571,185.85714285714286,13.76687116564417,0.8045574057843998,4.250174990735784,9.516696174908386
2024-12-14,2024-2025,26.142857142857142,293.0,25.304945054945055,0.8379120879120878,9.163584754116314,16.141360300828737
2024-12-21,2024-2025,39.714285714285715,448.14285714285717,39.0273359073359,0.6869498069498088,12.626491028843969,26.400844878491935
2024-12-28,2024-2025,77.14285714285714,718.5714285714286,76.15717167835527,0.9856854645018718,23.20267638357753,52.954495294777736
2025-01-04,2024-2025,104.42857142857143,855.2857142857143,103.02947481243301,1.3990966161384182,35.235188355767136,67.79428645666587
2025-01-11,2024-2025,102.42857142857143,735.5714285714286,100.31179268492701,2.11677874364442,36.47701552179164,63.83477716313537
2025-01-18,2024-2025,133.28571428571428,1107.142857142857,132.14496014085196,1.140754144862321,56.45027423492705,75.69468590592491
2025-01-25,2024-2025,194.71428571428572,1547.7142857142858,193.34144703709924,1.372838677186493,91.48351396389573,101.85793307320351
2025-02-01,2024-2025,258.7142857142857,1991.857142857143,256.9428767056292,1.7714090086565348,128.04462294300458,128.89825376262462
2025-02-08,2024-2025,277.85714285714283,2043.2857142857142,275.66458290633324,2.1925599508096028,142.3800574148193,133.28452549151393
2025-02-15,2024-2025,207.57142857142858,1363.5714285714287,204.64550981682996,2.925918754598616,115.09236937834685,89.55314043848311
2025-02-22,2024-2025,143.14285714285714,939.1428571428571,139.80532938564028,3.3375277572168724,79.05222813428875,60.75310125135153
2025-03-01,2024-2025,123.57142857142857,735.1428571428571,120.66386554621849,2.9075630252100875,71.61596009975062,49.047905446467865
2025-03-08,2024-2025,99.14285714285714,624.8571428571429,94.18571428571428,4.957142857142862,63.02389803505045,31.16181625066383
2025-03-15,2024-2025,81.42857142857143,523.8571428571429,76.11373316449867,5.314838264072756,57.6482712725197,18.46546189197897
2025-03-22,2024-2025,55.57142857142857,374.14285714285717,48.14209320091673,7.42933537051184,32.339726730386815,15.80236647052992
2025-03-29,2024-2025,35.57142857142857,264.85714285714283,27.22303206997084,8.348396501457726,21.000624739691794,6.222407330279048
2025-04-05,2024-2025,26.285714285714285,197.14285714285714,20.18501841997544,6.100695865738845,13.841155487983158,6.34386293199228
2025-04-12,2024-2025,16.571428571428573,133.85714285714286,12.08110599078341,4.490322580645162,7.159173920464243,4.921932070319167
2025-04-19,2024-2025,9.142857142857142,110.28571428571429,4.677740863787375,4.465116279069767,2.806644518272425,1.87109634551495
2025-04-26,2024-2025,8.285714285714286,91.42857142857143,3.1994342291372,5.0862800565770865,3.1994342291372,0.0
2025-05-03,2024-2025,9.285714285714286,81.71428571428571,0.6878306878306879,8.597883597883598,0.4706209969367865,0.21720969089390144
2025-05-10,2024-2025,7.285714285714286,78.0,0.21428571428571427,7.071428571428571,0.10714285714285714,0.10714285714285714
